source,record_type,experiment_or_case,fire_present,nozzle_label,nozzle_size_in,hose_diameter_in,flow_gpm,pressure_psi,expected_water_gal,experimental_water_gal,percent_difference,suppression_result,fire_condition,flow_lpm,pressure_bar,expected_water_l,experimental_water_l,data_status,ml_training_use,duration_seconds,duration_basis
FSRI-Part-I,water_mapping,"Window, 2nd Floor, 15/16"" SB Fixed, Max Angle Ceiling",no fire,"15/16"" SB",0.9375,1.75,185.0,50.0,146.4,128.2,12.5,Water distribution measured,No fire; water-mapping test,700.30118004,3.447378645,554.1842851776,485.2897907088,source-derived experimental/reference value,hydraulic/no-fire reference only,,
FSRI-Part-I,water_mapping,"Window, 2nd Floor, 15/16"" SB Sweeping, Max Angle Ceiling",no fire,"15/16"" SB",0.9375,1.75,185.0,50.0,158.6,139.1,12.3,Water distribution measured,No fire; water-mapping test,700.30118004,3.447378645,600.3663089424,526.5507791544,source-derived experimental/reference value,hydraulic/no-fire reference only,,
FSRI-Part-I,water_mapping,"Window, 2nd Floor, 15/16"" SB Fixed, Mid Ceiling",no fire,"15/16"" SB",0.9375,1.75,185.0,50.0,161.7,157.1,2.8,Water distribution measured,No fire; water-mapping test,700.30118004,3.447378645,612.1010854727999,594.6881912663999,source-derived experimental/reference value,hydraulic/no-fire reference only,,
FSRI-Part-I,water_mapping,"Window, 2nd Floor, 15/16"" SB Fixed, Min Angle Ceiling",no fire,"15/16"" SB",0.9375,1.75,185.0,50.0,180.0,176.3,2.0,Water distribution measured,No fire; water-mapping test,700.30118004,3.447378645,681.3741211199999,667.3680975192,source-derived experimental/reference value,hydraulic/no-fire reference only,,
FSRI-Part-I,water_mapping,"Window, 2nd Floor, 15/16"" SB Fixed, Max Angle Wall",no fire,"15/16"" SB",0.9375,1.75,185.0,50.0,161.7,159.2,1.5,Water distribution measured,No fire; water-mapping test,700.30118004,3.447378645,612.1010854727999,602.6375560127999,source-derived experimental/reference value,hydraulic/no-fire reference only,,
FSRI-Part-I,water_mapping,"Window, 2nd Floor, 7/8"" SB Fixed, Max Angle Ceiling",no fire,"7/8"" SB",0.875,1.75,160.0,50.0,148.2,130.0,12.3,Water distribution measured,No fire; water-mapping test,605.66588544,3.447378645,560.9980263888,492.10353192,source-derived experimental/reference value,hydraulic/no-fire reference only,,
FSRI-Part-I,water_mapping,"Window, 2nd Floor, 1"" SB Fixed, Max Angle Ceiling",no fire,"1"" SB",1.0,2.5,210.0,50.0,205.3,168.0,18.2,Water distribution measured,No fire; water-mapping test,794.93647464,3.447378645,777.1450392552,635.9491797119999,source-derived experimental/reference value,hydraulic/no-fire reference only,,
FSRI-Part-I,water_mapping,"Window, 2nd Floor, SS Fixed, Max Angle Ceiling",no fire,SS,,1.75,150.0,100.0,128.3,116.4,9.3,Water distribution measured,No fire; water-mapping test,567.8117675999999,6.89475729,485.66833188720005,440.6219316576,source-derived experimental/reference value,hydraulic/no-fire reference only,,
FSRI-Part-I,water_mapping,"Window, 2nd Floor, SS Sweeping, Max Angle Ceiling",no fire,SS,,1.75,150.0,100.0,128.3,118.0,8.0,Water distribution measured,No fire; water-mapping test,567.8117675999999,6.89475729,485.66833188720005,446.678590512,source-derived experimental/reference value,hydraulic/no-fire reference only,,
FSRI-Part-I,water_mapping,"Window, 2nd Floor, SS Wide Sweep, Max Angle Ceiling",no fire,SS,,1.75,150.0,100.0,130.7,116.3,11.1,Water distribution measured,No fire; water-mapping test,567.8117675999999,6.89475729,494.7533201687999,440.2433904792,source-derived experimental/reference value,hydraulic/no-fire reference only,,
FSRI-Part-I,water_mapping,"Window, 2nd Floor, SS Fixed, Lintel",no fire,SS,,1.75,150.0,100.0,123.3,96.4,21.9,Water distribution measured,No fire; water-mapping test,567.8117675999999,6.89475729,466.7412729672,364.9136959776,source-derived experimental/reference value,hydraulic/no-fire reference only,,
FSRI-Part-I,water_mapping,"Window, 2nd Floor, SS Fixed, Mid Ceiling",no fire,SS,,1.75,150.0,100.0,130.7,126.0,3.6,Water distribution measured,No fire; water-mapping test,567.8117675999999,6.89475729,494.7533201687999,476.961884784,source-derived experimental/reference value,hydraulic/no-fire reference only,,
FSRI-Part-I,water_mapping,"Window, 2nd Floor, SS Fixed, Min Angle Ceiling",no fire,SS,,1.75,150.0,100.0,130.7,116.2,11.2,Water distribution measured,No fire; water-mapping test,567.8117675999999,6.89475729,494.7533201687999,439.8648493008,source-derived experimental/reference value,hydraulic/no-fire reference only,,
FSRI-Part-I,water_mapping,"Window, 2nd Floor, SS Fixed, Max Angle Wall",no fire,SS,,1.75,150.0,100.0,128.3,127.3,0.8,Water distribution measured,No fire; water-mapping test,567.8117675999999,6.89475729,485.66833188720005,481.8829201032,source-derived experimental/reference value,hydraulic/no-fire reference only,,
FSRI-Part-I,water_mapping,"Window, 2nd Floor, Fog Fixed, Max Angle Ceiling",no fire,Fog,,1.75,150.0,100.0,99.0,94.1,5.0,Water distribution measured,No fire; water-mapping test,567.8117675999999,6.89475729,374.755766616,356.2072488744,source-derived experimental/reference value,hydraulic/no-fire reference only,,
FSRI-Part-I,water_mapping,"Window, 2nd Floor, Fog Fixed/O, Max Angle Ceiling",no fire,Fog,,1.75,150.0,100.0,116.0,91.7,21.0,Water distribution measured,No fire; water-mapping test,567.8117675999999,6.89475729,439.107766944,347.1222605928,source-derived experimental/reference value,hydraulic/no-fire reference only,,
FSRI-Part-I,water_mapping,"Window, 1st Floor, 15/16"" SB Fixed, Max Angle Ceiling",no fire,"15/16"" SB",0.9375,1.75,185.0,50.0,175.5,157.0,10.6,Water distribution measured,No fire; water-mapping test,700.30118004,3.447378645,664.339768092,594.309650088,source-derived experimental/reference value,hydraulic/no-fire reference only,,
FSRI-Part-I,water_mapping,"Window, 1st Floor, 15/16"" SB Sweeping, Max Angle Ceiling",no fire,"15/16"" SB",0.9375,1.75,185.0,50.0,166.1,143.0,13.9,Water distribution measured,No fire; water-mapping test,700.30118004,3.447378645,628.7568973223999,541.313885112,source-derived experimental/reference value,hydraulic/no-fire reference only,,
FSRI-Part-I,water_mapping,"Window, 1st Floor, 15/16"" SB Fixed, Mid Ceiling",no fire,"15/16"" SB",0.9375,1.75,185.0,50.0,175.5,173.1,1.4,Water distribution measured,No fire; water-mapping test,700.30118004,3.447378645,664.339768092,655.2547798104,source-derived experimental/reference value,hydraulic/no-fire reference only,,
FSRI-Part-I,water_mapping,"Window, 1st Floor, 15/16"" SB Fixed, Min Angle Ceiling",no fire,"15/16"" SB",0.9375,1.75,185.0,50.0,166.1,164.7,0.8,Water distribution measured,No fire; water-mapping test,700.30118004,3.447378645,628.7568973223999,623.4573208247999,source-derived experimental/reference value,hydraulic/no-fire reference only,,
FSRI-Part-I,water_mapping,"Window, 1st Floor, 15/16"" SB Fixed, Max Angle Wall",no fire,"15/16"" SB",0.9375,1.75,185.0,50.0,184.9,169.9,8.1,Water distribution measured,No fire; water-mapping test,700.30118004,3.447378645,699.9226388616,643.1414621016,source-derived experimental/reference value,hydraulic/no-fire reference only,,
FSRI-Part-I,water_mapping,"Window, 1st Floor, 15/16"" SB Fixed, At Wall",no fire,"15/16"" SB",0.9375,1.75,185.0,50.0,222.5,178.0,20.0,Water distribution measured,No fire; water-mapping test,700.30118004,3.447378645,842.25412194,673.803297552,source-derived experimental/reference value,hydraulic/no-fire reference only,,
FSRI-Part-I,water_mapping,"Window, 1st Floor, 7/8"" SB Fixed, Max Angle Ceiling",no fire,"7/8"" SB",0.875,1.75,160.0,50.0,148.4,135.3,8.8,Water distribution measured,No fire; water-mapping test,605.66588544,3.447378645,561.7551087456,512.1662143752001,source-derived experimental/reference value,hydraulic/no-fire reference only,,
FSRI-Part-I,water_mapping,"Window, 1st Floor, 1"" SB Fixed, Max Angle Ceiling",no fire,"1"" SB",1.0,2.5,210.0,50.0,221.6,181.3,18.2,Water distribution measured,No fire; water-mapping test,794.93647464,3.447378645,838.8472513344,686.2951564392,source-derived experimental/reference value,hydraulic/no-fire reference only,,
FSRI-Part-I,water_mapping,"Window, 1st Floor, SS Fixed, Max Angle Ceiling",no fire,SS,,1.75,150.0,100.0,131.6,116.1,11.8,Water distribution measured,No fire; water-mapping test,567.8117675999999,6.89475729,498.1601907744,439.4863081224,source-derived experimental/reference value,hydraulic/no-fire reference only,,
FSRI-Part-I,water_mapping,"Window, 1st Floor, SS Sweeping, Max Angle Ceiling",no fire,SS,,1.75,150.0,100.0,131.6,120.5,8.5,Water distribution measured,No fire; water-mapping test,567.8117675999999,6.89475729,498.1601907744,456.142119972,source-derived experimental/reference value,hydraulic/no-fire reference only,,
FSRI-Part-I,water_mapping,"Window, 1st Floor, SS Wide Sweep, Max Angle Ceiling",no fire,SS,,1.75,150.0,100.0,129.1,118.8,8.0,Water distribution measured,No fire; water-mapping test,567.8117675999999,6.89475729,488.6966613144,449.7069199392,source-derived experimental/reference value,hydraulic/no-fire reference only,,
FSRI-Part-I,water_mapping,"Window, 1st Floor, SS Fixed, Mid Ceiling",no fire,SS,,1.75,140.0,30.0,131.4,121.6,7.7,Water distribution measured,No fire; water-mapping test,529.95764976,2.068427187,497.4031084176,460.3060729344,source-derived experimental/reference value,hydraulic/no-fire reference only,,
FSRI-Part-I,water_mapping,"Window, 1st Floor, 15/16"" SB Fixed, Max Angle Ceiling",no fire,"15/16"" SB",0.9375,1.75,100.0,15.0,137.6,126.5,8.0,Water distribution measured,No fire; water-mapping test,378.5411784,1.0342135935,520.8726614784,478.854590676,source-derived experimental/reference value,hydraulic/no-fire reference only,,
FSRI-Part-I,water_mapping,"Window, 1st Floor, SS Fixed, Max Angle Ceiling",no fire,SS,,1.75,150.0,50.0,151.9,136.8,10.0,Water distribution measured,No fire; water-mapping test,567.8117675999999,3.447378645,575.0040499896,517.8443320512,source-derived experimental/reference value,hydraulic/no-fire reference only,,
FSRI-Part-I,water_mapping,"Window, 1st Floor, SS Fixed, Max Angle Ceiling",no fire,SS,,1.75,160.0,75.0,41.2,37.1,9.8,Water distribution measured,No fire; water-mapping test,605.66588544,5.1710679675,155.95896550080002,140.4387771864,source-derived experimental/reference value,hydraulic/no-fire reference only,,
FSRI-Part-I,water_mapping,"Window, 1st Floor, SS Fixed, Max Angle Ceiling",no fire,SS,,1.75,150.0,50.0,94.3,85.8,9.0,Water distribution measured,No fire; water-mapping test,567.8117675999999,3.447378645,356.9643312312,324.7883310672,source-derived experimental/reference value,hydraulic/no-fire reference only,,
FSRI-Part-I,water_mapping,"Window, 1st Floor, SS Fixed, Max Angle Ceiling",no fire,SS,,1.75,130.0,25.0,75.9,67.7,10.9,Water distribution measured,No fire; water-mapping test,492.10353192,1.7236893225,287.3127544056,256.2723777768,source-derived experimental/reference value,hydraulic/no-fire reference only,,
FSRI-Part-I,water_mapping,"Doorway, SS Fixed, Mid Ceiling",no fire,SS,,1.75,125.0,100.0,109.2,106.2,2.8,Water distribution measured,No fire; water-mapping test,473.176473,6.89475729,413.3669668128,402.0107314608,source-derived experimental/reference value,hydraulic/no-fire reference only,,
FSRI-Part-I,water_mapping,"Doorway, SS O, Mid Ceiling",no fire,SS,,1.75,125.0,100.0,107.5,99.8,7.2,Water distribution measured,No fire; water-mapping test,473.176473,6.89475729,406.93176678,377.7840960432,source-derived experimental/reference value,hydraulic/no-fire reference only,,
FSRI-Part-I,water_mapping,"Doorway, SS Z, Mid Ceiling",no fire,SS,,1.75,125.0,100.0,109.7,102.8,6.3,Water distribution measured,No fire; water-mapping test,473.176473,6.89475729,415.2596727048,389.1403313952,source-derived experimental/reference value,hydraulic/no-fire reference only,,
FSRI-Part-I,water_mapping,"Doorway, SS T, Mid Ceiling",no fire,SS,,1.75,125.0,100.0,109.7,99.8,9.0,Water distribution measured,No fire; water-mapping test,473.176473,6.89475729,415.2596727048,377.7840960432,source-derived experimental/reference value,hydraulic/no-fire reference only,,
FSRI-Part-I,water_mapping,"Doorway, SS Inverted U, Mid Ceiling",no fire,SS,,1.75,125.0,100.0,114.0,100.6,11.7,Water distribution measured,No fire; water-mapping test,473.176473,6.89475729,431.536943376,380.8124254704,source-derived experimental/reference value,hydraulic/no-fire reference only,,
FSRI-Part-I,water_mapping,"Doorway, Fog Fixed, Mid Ceiling",no fire,Fog,,1.75,125.0,100.0,98.9,93.3,5.7,Water distribution measured,No fire; water-mapping test,473.176473,6.89475729,374.3772254376,353.1789194472,source-derived experimental/reference value,hydraulic/no-fire reference only,,
FSRI-Part-I,water_mapping,"Doorway, SS Fixed, Mid Ceiling",no fire,SS,,1.75,150.0,100.0,126.6,124.1,1.9,Water distribution measured,No fire; water-mapping test,567.8117675999999,6.89475729,479.2331318544,469.7696023944,source-derived experimental/reference value,hydraulic/no-fire reference only,,
FSRI-Part-I,water_mapping,"Doorway, SS O, Mid Ceiling",no fire,SS,,1.75,150.0,100.0,124.0,124.1,0.01,Water distribution measured,No fire; water-mapping test,567.8117675999999,6.89475729,469.391061216,469.7696023944,source-derived experimental/reference value,hydraulic/no-fire reference only,,
FSRI-Part-I,water_mapping,"Doorway, Fog Fixed, Mid Ceiling",no fire,Fog,,1.75,150.0,100.0,131.8,129.6,1.6,Water distribution measured,No fire; water-mapping test,567.8117675999999,6.89475729,498.9172731312,490.5893672064,source-derived experimental/reference value,hydraulic/no-fire reference only,,
FSRI-Part-I,water_mapping,"Doorway, Fog O, Mid Ceiling",no fire,Fog,,1.75,150.0,100.0,136.9,132.7,3.1,Water distribution measured,No fire; water-mapping test,567.8117675999999,6.89475729,518.2228732296,502.3241437368,source-derived experimental/reference value,hydraulic/no-fire reference only,,
FSRI-Part-I,water_mapping,"Doorway, SS Fixed, Mid Ceiling",no fire,SS,,1.75,150.0,75.0,120.8,121.3,0.4,Water distribution measured,No fire; water-mapping test,567.8117675999999,5.1710679675,457.2777435072,459.1704493992,source-derived experimental/reference value,hydraulic/no-fire reference only,,
FSRI-Part-I,water_mapping,"Doorway, SS O, Mid Ceiling",no fire,SS,,1.75,150.0,75.0,115.8,117.1,1.2,Water distribution measured,No fire; water-mapping test,567.8117675999999,5.1710679675,438.3506845872,443.2717199064,source-derived experimental/reference value,hydraulic/no-fire reference only,,
FSRI-Part-I,water_mapping,"Doorway, Fog Fixed, Mid Ceiling",no fire,Fog,,1.75,150.0,75.0,123.3,122.5,0.7,Water distribution measured,No fire; water-mapping test,567.8117675999999,5.1710679675,466.7412729672,463.71294354,source-derived experimental/reference value,hydraulic/no-fire reference only,,
FSRI-Part-I,water_mapping,"Doorway, Fog O, Mid Ceiling",no fire,Fog,,1.75,150.0,75.0,130.1,129.8,0.8,Water distribution measured,No fire; water-mapping test,567.8117675999999,5.1710679675,492.4820730984,491.34644956320005,source-derived experimental/reference value,hydraulic/no-fire reference only,,
FSRI-Part-I,water_mapping,"Doorway, SS Fixed, Mid Ceiling",no fire,SS,,1.75,150.0,50.0,137.5,136.3,0.8,Water distribution measured,No fire; water-mapping test,567.8117675999999,3.447378645,520.4941203,515.9516261592,source-derived experimental/reference value,hydraulic/no-fire reference only,,
FSRI-Part-I,water_mapping,"Doorway, SS O, Mid Ceiling",no fire,SS,,1.75,150.0,50.0,121.0,129.0,6.6,Water distribution measured,No fire; water-mapping test,567.8117675999999,3.447378645,458.034825864,488.318120136,source-derived experimental/reference value,hydraulic/no-fire reference only,,
FSRI-Part-I,water_mapping,"Doorway, Fog Fixed, Mid Ceiling",no fire,Fog,,1.75,150.0,50.0,104.5,111.6,6.8,Water distribution measured,No fire; water-mapping test,567.8117675999999,3.447378645,395.575531428,422.4519550944,source-derived experimental/reference value,hydraulic/no-fire reference only,,
FSRI-Part-I,water_mapping,"Doorway, Fog O, Mid Ceiling",no fire,Fog,,1.75,150.0,50.0,129.3,130.5,1.0,Water distribution measured,No fire; water-mapping test,567.8117675999999,3.447378645,489.4537436712,493.996237812,source-derived experimental/reference value,hydraulic/no-fire reference only,,
FSRI-Part-I,water_mapping,"Doorway, 15/16"" SB Fixed, At Wall",no fire,"15/16"" SB",0.9375,1.75,180.0,50.0,162.4,156.2,3.8,Water distribution measured,No fire; water-mapping test,681.3741211199999,3.447378645,614.7508737216,591.2813206607999,source-derived experimental/reference value,hydraulic/no-fire reference only,,
FSRI-Part-I,water_mapping,"Doorway, 15/16"" SB O, At Wall",no fire,"15/16"" SB",0.9375,1.75,180.0,50.0,127.3,126.5,0.7,Water distribution measured,No fire; water-mapping test,681.3741211199999,3.447378645,481.8829201032,478.854590676,source-derived experimental/reference value,hydraulic/no-fire reference only,,
FSRI-Part-I,water_mapping,"Doorway, 15/16"" SB Fixed, Mid Ceiling",no fire,"15/16"" SB",0.9375,1.75,180.0,50.0,152.8,144.7,5.3,Water distribution measured,No fire; water-mapping test,681.3741211199999,3.447378645,578.4109205952001,547.7490851447999,source-derived experimental/reference value,hydraulic/no-fire reference only,,
FSRI-Part-I,water_mapping,"Doorway, 15/16"" SB O, Mid Ceiling",no fire,"15/16"" SB",0.9375,1.75,180.0,50.0,175.0,155.3,11.3,Water distribution measured,No fire; water-mapping test,681.3741211199999,3.447378645,662.4470622,587.8744500552,source-derived experimental/reference value,hydraulic/no-fire reference only,,
FSRI-Part-I,water_mapping,"Doorway, 15/16"" SB Fixed, Max Angle Ceiling",no fire,"15/16"" SB",0.9375,1.75,180.0,50.0,168.7,153.2,9.2,Water distribution measured,No fire; water-mapping test,681.3741211199999,3.447378645,638.5989679607999,579.9250853087999,source-derived experimental/reference value,hydraulic/no-fire reference only,,
FSRI-Part-I,water_mapping,"Doorway, 15/16"" SB O, Max Angle Ceiling",no fire,"15/16"" SB",0.9375,1.75,180.0,50.0,165.5,149.0,10.0,Water distribution measured,No fire; water-mapping test,681.3741211199999,3.447378645,626.485650252,564.026355816,source-derived experimental/reference value,hydraulic/no-fire reference only,,
FSRI-Part-I,water_mapping,"Doorway, SS Fixed, At Wall",no fire,SS,,1.75,150.0,100.0,131.5,125.3,4.7,Water distribution measured,No fire; water-mapping test,567.8117675999999,6.89475729,497.781649596,474.3120965352,source-derived experimental/reference value,hydraulic/no-fire reference only,,
FSRI-Part-I,water_mapping,"Doorway, SS O, At Wall",no fire,SS,,1.75,150.0,100.0,118.1,118.4,0.3,Water distribution measured,No fire; water-mapping test,567.8117675999999,6.89475729,447.0571316904,448.1927552256,source-derived experimental/reference value,hydraulic/no-fire reference only,,
FSRI-Part-I,water_mapping,"Doorway, SS Fixed, Max Angle Ceiling",no fire,SS,,1.75,150.0,100.0,139.5,125.7,9.9,Water distribution measured,No fire; water-mapping test,567.8117675999999,6.89475729,528.064943868,475.8262612488,source-derived experimental/reference value,hydraulic/no-fire reference only,,
FSRI-Part-I,water_mapping,"Doorway, SS O, Max Angle Ceiling",no fire,SS,,1.75,150.0,100.0,136.9,122.1,10.8,Water distribution measured,No fire; water-mapping test,567.8117675999999,6.89475729,518.2228732296,462.1987788264,source-derived experimental/reference value,hydraulic/no-fire reference only,,
FSRI-Residential,live_fire_aggregate,31 of 33 residential experiments,live fire,Combination nozzle,,1.75,150.0,50.0,,,,"Primary suppression; total water used 73-256 gal, mean 145 ± 51 gal",Single- and multi-room room/contents fires in residential structures,567.8117675999999,3.447378645,,,source-derived experimental/reference value,live-fire aggregate reference; not a sensor-to-flow label,,
FSRI-Residential,live_fire_aggregate,31 of 33 residential experiments,live fire,"7/8"" smooth bore",0.875,1.75,160.0,50.0,,,,"Primary suppression; total water used 73-256 gal, mean 145 ± 51 gal",Single- and multi-room room/contents fires in residential structures,605.66588544,3.447378645,,,source-derived experimental/reference value,live-fire aggregate reference; not a sensor-to-flow label,,
FSRI-Multi-Family,live_fire_experiment,Experiment 1B,live fire,"7/8"" smooth bore, O pattern",0.875,1.75,160.0,,,264.0,,"Knockdown achieved; estimated 264 gal initial suppression (flowmeter malfunction, estimated from audible flow cues on personal video). Water was flowed in four bursts (9s, 17s, 27s, 46s) while the crew advanced blind through the apartment; fire-room temperatures did not drop until the fourth (46s) burst reached the bed/fire area, so only ~123 gal of the 264 gal total is estimated to have reached the fire itself -- the rest was flowed while advancing. Do not treat 264 gal as a pure suppression-effectiveness figure.",Lower-level fire apartment with bedroom fire; smoke filled apartment and enclosed stairwell before intervention,605.66588544,,,999.348710976,source-derived experimental/reference value,live-fire case reference; not a sensor-to-flow label,,
FSRI-Strip-Mall,live_fire_usage,Experiment 1,live fire,"1 3/4 in. handline, 7/8 in. smooth-bore tip",0.875,1.75,160,,,70.0,,All visible flame extinguished; 70 gal total,Strip-mall suppression experiment,605.66588544,,,264.97882488,source-derived experimental/reference value,"suppression water-use and flow reference; nozzle/hose/flow confirmed from report narrative, pressure not reported anywhere in this document",,
FSRI-Strip-Mall,live_fire_usage,Experiment 2,live fire,"1 3/4 in. handline, 7/8 in. smooth-bore tip (primary, 985 gal); 2 1/2 in. handline, 1 1/8 in. smooth-bore tip (secondary, 542 gal, to roof decking)",0.875,1.75,160,,,1527.0,,"All visible flame extinguished; 1,527 gal total",Strip-mall suppression experiment; front-window ventilation configuration,605.66588544,,,5780.323794168,source-derived experimental/reference value,"suppression water-use and flow reference; nozzle/hose/flow confirmed from report narrative, pressure not reported anywhere in this document",,
FSRI-Strip-Mall,live_fire_usage,Experiment 3,live fire,"1 3/4 in. handline, 7/8 in. smooth-bore tip (primary, ~943 gal); 2 1/2 in. handline, 1 1/8 in. smooth-bore tip (secondary, 455 gal, to roof decking)",0.875,1.75,160,,,1398.0,,"All visible flame extinguished; 1,398 gal total",Strip-mall suppression experiment; front-window ventilation configuration,605.66588544,,,5292.005674032,source-derived experimental/reference value,"suppression water-use and flow reference; nozzle/hose/flow confirmed from report narrative, pressure not reported anywhere in this document",,
FSRI-Strip-Mall,live_fire_usage,Experiment 4,live fire,"2 1/2 in. handline, 1 1/8 in. smooth-bore tip (primary, 938 gal); 1 3/4 in. handline, 7/8 in. smooth-bore tip (secondary, 904 gal, facade/roof); plus an aerial master stream (see separate method row)",1.125,2.5,265,,,1842.0,,"All visible flame extinguished; 1,842 gal total",Strip-mall suppression experiment; larger fire area with similar horizontal ventilation area,1003.13412276,,,6972.728506128,source-derived experimental/reference value,"suppression water-use and flow reference; nozzle/hose/flow confirmed from report narrative, pressure not reported anywhere in this document",,
FSRI-Strip-Mall,live_fire_usage,Experiment 5,live fire,"1 3/4 in. handline, 7/8 in. smooth-bore tip (single line)",0.875,1.75,160,,,413.0,,All visible flame extinguished; 413 gal total,Strip-mall suppression experiment,605.66588544,,,1563.375066792,source-derived experimental/reference value,"suppression water-use and flow reference; nozzle/hose/flow confirmed from report narrative, pressure not reported anywhere in this document",,
FSRI-Strip-Mall,live_fire_usage,Experiment 6,live fire,"1 3/4 in. handline, 7/8 in. smooth-bore tip (single line)",0.875,1.75,160,,,670.0,,All visible flame extinguished; 670 gal total,Strip-mall suppression experiment,605.66588544,,,2536.22589528,source-derived experimental/reference value,"suppression water-use and flow reference; nozzle/hose/flow confirmed from report narrative, pressure not reported anywhere in this document",,
FSRI-Strip-Mall,live_fire_usage,Experiment 7,live fire,"2 1/2 in. handline, 1 1/8 in. smooth-bore tip (primary, 1212 gal); 1 3/4 in. handline, 7/8 in. smooth-bore tip (secondary, 208 gal, facade)",1.125,2.5,265,,,1420.0,,"All visible flame extinguished; 1,420 gal total",Strip-mall suppression experiment; front-window ventilation configuration,1003.13412276,,,5375.28473328,source-derived experimental/reference value,"suppression water-use and flow reference; nozzle/hose/flow confirmed from report narrative, pressure not reported anywhere in this document",,
FSRI-Basement,live_fire_temperature_response,Experiment 4+ — Straight Stream Through Floor,live fire,Straight Stream,,,150,75,,,,Negligible change; 560°C before to 575°C after (within measurement uncertainty),Basement fire; suppression through floor opposite fire side,567.8117675999999,5.1710679675,,,source-derived experimental/reference value,live-fire case reference; not a sensor-to-flow label,21,through-floor application window (1084-1105s post-ignition)
FSRI-Basement,live_fire_temperature_response,Experiment 4+ — 150 gpm Piercing Through Floor,live fire,Piercing nozzle,,,150.0,100,,,,Fire-side basement temperature reduced from 560°C to 400°C,Basement near/at flashover conditions before suppression,567.8117675999999,6.89475729,,,source-derived experimental/reference value,live-fire case reference; not a sensor-to-flow label,38,through-floor application window (1176-1214s post-ignition)
FSRI-Basement,live_fire_temperature_response,Experiment 4+ — 125 gpm Piercing Through Floor,live fire,Piercing nozzle,,,125.0,100,,,,Fire-side basement temperature reduced from 640°C to 290°C,Basement near/at flashover conditions before suppression,473.176473,6.89475729,,,source-derived experimental/reference value,live-fire case reference; not a sensor-to-flow label,89,through-floor application window (1364-1453s post-ignition)
FSRI-Basement,live_fire_temperature_response,Experiment 4+ — Cellar Nozzle Through Floor,live fire,Cellar nozzle,,,140,100,,,,Fire-side basement temperature reduced from 550°C to 270°C,Basement near/at flashover conditions before suppression,529.95764976,6.89475729,,,source-derived experimental/reference value,live-fire case reference; not a sensor-to-flow label,94,through-floor application window (1648-1742s post-ignition)
FSRI-Basement,live_fire_temperature_response,Experiment 4+ — Bresnan Distributor Through Floor,live fire,Bresnan distributor,,,160,100,,,,Fire-side basement temperature reduced from 800°C to 370°C,Basement near/at flashover conditions before suppression,605.66588544,6.89475729,,,source-derived experimental/reference value,live-fire case reference; not a sensor-to-flow label,101,through-floor application window (2129-2230s post-ignition)
FSRI-Basement,live_fire_temperature_response,Experiment 6 — Straight Stream Opposite Window,live fire,Straight Stream,,,150,75,,,,Fire-side basement temperature reduced from 580°C to 160°C,Basement fire; suppression opposite window,567.8117675999999,5.1710679675,,,source-derived experimental/reference value,live-fire case reference; not a sensor-to-flow label,30,application window (1800-1831s post-ignition)
FSRI-Basement,live_fire_temperature_response,Experiment 6 — Smooth Bore Opposite Window,live fire,Smooth bore,0.9375,,180,50,,,,Fire-side basement temperature reduced from 630°C to 230°C,Basement fire; suppression opposite window,681.3741211199999,3.447378645,,,source-derived experimental/reference value,live-fire case reference; not a sensor-to-flow label,32,application window (3120-3152s post-ignition)
FSRI-Basement,live_fire_temperature_response,Experiment 12 — Fog Stream Top of Stairs,live fire,Fog Stream,,,150,75,,,,Fire-side basement temperature reduced from 620C to 320C; top-of-stairwell gas temperature also decreased 115C. Suppression started 511s after ignition and flowed ~30s.,Basement fire; smoke cooling from top of stairs,567.8117675999999,5.1710679675,,,source-derived experimental/reference value,live-fire case reference; not a sensor-to-flow label,30,"application window (511s post-ignition, ~30s duration)"
FSRI-Basement,live_fire_temperature_response,Experiment 6,live fire,Straight Stream (combination nozzle) - Fire-side Window,,,150,75,,,,"Fire-side basement temperature decreased 720C (change value; no pre/post absolute stated); top-of-stairwell gas temperature decreased 200C. Applied at fire-side (northeast/CD) window, 3480-3510s after ignition (30s duration). Turnout-gear temp at top of stairs 250C before suppression -> 120C after; exposure heat flux 14 kW/m2 before -> 6 kW/m2 after.","Experiment 6: single-window access basement (both east windows broken pre-ignition; west windows broken after ignition at 180s/213s), open stairwell & front door; first-floor slider opened 1500s post-ignition causing fire regrowth; this is the 3rd of 3 suppression actions, applied at the window nearest the fire",567.8117675999999,5.1710679675,,,source-derived experimental/reference value,live-fire case reference; not a sensor-to-flow label,30,application window (3480-3510s post-ignition)
FSRI-Basement,live_fire_temperature_response,Experiment 7,live fire,Straight Stream (combination nozzle) - Through Floor,,,150,75,,,,"Fire-side basement temperature decreased 160C; top-of-stairwell temperature decreased 50C. Applied through floor 274s after ignition, flowed 32s. Turnout-gear temp at top of stairs 540C before -> 248C after; exposure heat flux 53 kW/m2 before -> 15 kW/m2 after. Suppression hole was directly above (same side as) the fire.","Experiment 7: basement with all 4 small windows + first-floor slider open (limited access), stairwell & front door open pre-ignition; ignition on northwest sofa near the through-floor hole",567.8117675999999,5.1710679675,,,source-derived experimental/reference value,live-fire case reference; not a sensor-to-flow label,32,through-floor application window
FSRI-Basement,live_fire_temperature_response,Experiment 7,live fire,Fog Stream (combination nozzle) - Through Floor,,,150,75,,,,"Fire-side basement temperature decreased 470C; top-of-stairwell temperature decreased 115C. Combination nozzle switched from straight stream to fog and applied through floor 375s after ignition, flowed 32s. Turnout-gear temp at top of stairs 290C before -> 170C after; exposure heat flux 24 kW/m2 before -> 9 kW/m2 after. Suppression hole was directly above (same side as) the fire.","Experiment 7: same scenario as row above (all 4 windows + slider open, limited access); second suppression action in the sequence",567.8117675999999,5.1710679675,,,source-derived experimental/reference value,live-fire case reference; not a sensor-to-flow label,32,through-floor application window
FSRI-Basement,live_fire_temperature_response,Experiment 8,live fire,Straight Stream hand line - Direct Interior Attack (Basement Slider),,,,,,,,Fire-side basement temperature decreased 635C; top-of-stairwell temperature decreased 685C (largest reduction of any experiment). Direct-attack straight-stream hand line initiated through the open basement slider 621s after ignition. Turnout-gear temp at top of stairs 898C before -> 184C after (highest recorded pre-suppression exposure); exposure heat flux 86 kW/m2 before -> 8 kW/m2 after.,"Experiment 8: walkout basement (double doors replaced with sliding glass door), open interior stairwell door, dryer-vent-style basement leakage via one small window; front door opened 181s, slider opened ~221s, fully vented 549s after ignition (uncoordinated ventilation before suppression); direct attack on fire level",,,,,source-derived experimental/reference value,live-fire case reference; not a sensor-to-flow label,,
FSRI-Basement,live_fire_temperature_response,Experiment 9,live fire,150 gpm Piercing Nozzle - Through Window (initial attack),,,150,100,,,,"Fire-side basement temperature decreased 380C; top-of-stairwell temperature decreased 60C. Initial piercing-nozzle attack through the large basement window, applied 598s after ignition for 50s. Turnout-gear temp at top of stairs 208C before -> 136C after; exposure heat flux 10 kW/m2 before -> 4 kW/m2 after.","Experiment 9: exterior access via large basement window only (double doors closed), all 4 basement leakage pipes open, stairwell & front door open pre-ignition; modified fuel load (gypsum-board ceiling, no OSB/I-joist)",567.8117675999999,6.89475729,,,source-derived experimental/reference value,live-fire case reference; not a sensor-to-flow label,50,initial through-window application window
FSRI-Basement,live_fire_temperature_response,Experiment 9,live fire,Straight Stream - Through Window (indirect + direct attack),,,,,,,,"Fire-side basement temperature decreased 520C; top-of-stairwell temperature decreased 140C, associated with an indirect straight-stream attack (755s after ignition, 27s) followed by a final direct straight-stream attack through the window (877s after ignition, 15s). Turnout-gear temp at top of stairs 286C before -> 140C after; exposure heat flux 13 kW/m2 before -> 4 kW/m2 after.",Experiment 9: same scenario as row above (large-window-only access); fire allowed to regrow between the initial piercing-nozzle attack and this action,,,,,source-derived experimental/reference value,live-fire case reference; not a sensor-to-flow label,,
FSRI-Basement,live_fire_temperature_response,Experiment 11,live fire,125 gpm Piercing Nozzle - Through Floor,,,125,100,,,,Fire-side basement temperature decreased 550C; top-of-stairwell temperature decreased 515C (second-largest top-of-stairwell reduction). Initial application 877s after ignition; full flow rate established at 940s; nozzle shut down 1114s after ignition. Turnout-gear temp at top of stairs 630C before -> 81C after; exposure heat flux 45 kW/m2 before -> 1 kW/m2 after. Suppression hole was directly above (same side as) the fire.,"Experiment 11: closed basement, all 4 leakage pipes open pre-ignition, open stairwell; ignition at an elevated position between the I-joists on the west side of the basement",473.176473,6.89475729,,,source-derived experimental/reference value,live-fire case reference; not a sensor-to-flow label,237,"piercing nozzle engaged, initial application to shutdown (877-1114s post-ignition; full flow reached at 940s)"
FSRI-Basement,live_fire_method,Experiment 4+,live fire,Straight Stream - Direct Interior Attack (Basement Entry Side A),,,,,,,,"Two straight-stream applications via direct interior entry through the Side A basement door, performed after the five through-floor suppression actions: 2439-2479s after ignition (40s duration) and 2507-2542s after ignition (35s duration). No before/after temperature value reported for this specific action in the source.","Experiment 4+: closed basement, open stairwell & open front door, 4 leakage pipes; follows the through-floor suppression sequence (straight stream, 150gpm piercing, 125gpm piercing, cellar nozzle, Bresnan distributor)",,,,,source-derived experimental/reference value,live-fire case reference; not a sensor-to-flow label,,
FSRI-Basement,live_fire_temperature_response,Experiment 10,live fire,Residential Sprinkler (pendent, NFPA 13D),,1.5,13,7,,,,"Peak fire-side basement temperature at 1.2m held to 40C and minimum basement oxygen held at 18.8%, versus >350C peak and an 11.9%-1.8% O2 minimum range across the 11 non-sprinklered experiments. Sprinkler activated 128s after ignition; three heads activated (both ignition-side heads plus the stairwell-adjacent head). Turnout-gear temp at top of stairs 50C before -> 40C after; exposure heat flux 2 kW/m2 before -> 0 kW/m2 after.",5.678117675999999,0.8963184477,26.497882488,,"Experiment 10: closed basement, all 4 leakage pipes open, open stairwell; self-contained sprinkler system (300 gal supply tank, electric pump rated 20 gpm at 25 psig, 1.5in CPVC feed piping); ignition on southeast sofa",source-derived experimental/reference value,,
FSRI-Multi-Family,live_fire_experiment,Experiment 1A,live fire,Pressurized water Class A extinguisher (2.5 gal); primary 1 3/4 in. hoseline pre-deployed but not used,,,,,,,,"Fire had nearly self-extinguished (ventilation-limited, apartment door closed) before crew entry; hot spots knocked down with a 2.5-gal pressurized Class A water extinguisher; hoseline judged unnecessary and not used","Lower-level apartment (1980 Kimberly Village Ln, Apt I) bedroom fire; all exterior doors/windows and fire apartment door closed pre-ignition, bedroom-to-common-area door left open; no fire department ventilation tactic; no fire showing at intervention (600 s); bedroom ceiling drywall found already failed on entry",,,,,source-derived experimental/reference value,live-fire case reference; not a sensor-to-flow label (no hose flow occurred),,
FSRI-Multi-Family,live_fire_experiment,Experiment 1C,live fire,"7/8 in. smooth bore nozzle, O pattern",0.875,1.75,160,50,,97,,"Interior suppression knocked down the fire in 38 s, flowing 97 gal (excludes water used during overhaul)","First-floor apartment (Apt B) bedroom fire, no initial vents open; separate crew broke the bedroom window for horizontal ventilation 7 s before the apartment door was opened for suppression (coordinated just-before tactic)",605.66588544,3.447378645,,367.184943048,source-derived experimental/reference value,live-fire case reference; not a sensor-to-flow label,38,water-on to knockdown
FSRI-Multi-Family,live_fire_experiment,Experiment 1D,live fire,"150 gpm combination nozzle, straight stream, O pattern (initial interior suppression)",,1.75,150,50,,115,,"Interior suppression with door control successfully knocked down the fire in 50 s, flowing 115 gal","First-floor apartment (Apt A) bedroom fire; separate crew broke bedroom window for horizontal ventilation 9 s before suppression began; door control maintained during suppression, hydraulic ventilation performed after knockdown",567.8117675999999,3.447378645,,435.32235516,source-derived experimental/reference value,live-fire case reference; not a sensor-to-flow label,50,water-on to knockdown
FSRI-Multi-Family,live_fire_method,Experiment 1D (post-suppression hydraulic ventilation),live fire,"Combination nozzle, narrow fog pattern (hydraulic ventilation)",,1.75,,,,483,,"Hydraulic ventilation (narrow fog out bedroom window) after knockdown lowered kitchen temps below 100F within 29 s and living room within 75 s; ran 181 s, used 483 gal of water","same fire apartment as Experiment 1D, post-knockdown ventilation phase",,,,1828.353891672,source-derived experimental/reference value,ventilation-tactic water-use reference; not an initial fire-suppression flow label,181,hydraulic ventilation run time
FSRI-Multi-Family,live_fire_experiment,Experiment 1E,live fire,"7/8 in. smooth bore nozzle, O pattern",0.875,1.75,160,50,,109,,Fire had already self-extinguished (bedroom door closed during growth) before the crew reached the fire room; crew flowed 109 gal over 49 s while advancing to a bedroom already found extinguished; overhaul as needed,"First-floor apartment (1978, Apt A) bedroom fire; bedroom door unexpectedly closed during fire growth (215 s), causing ventilation-limited self-extinguishment; horizontal ventilation and PPV were still executed by the crew despite the fire already being out",605.66588544,3.447378645,,412.609884456,source-derived experimental/reference value,live-fire case reference; not a sensor-to-flow label,49,water-on while advancing (fire already self-extinguished)
FSRI-Multi-Family,live_fire_experiment,Experiment 2A,live fire,"7/8 in. smooth bore nozzle, O pattern",0.875,1.75,160,50,,152,,"Interior suppression with door control knocked down the flashed-over bedroom fire in 66 s, flowing 152 gal; PPV begun 41 s after knockdown","First-floor apartment (1978, Apt B) bedroom fire showing/flashover (260 s) prior to intervention; bedroom window open from start",605.66588544,3.447378645,,575.382591168,source-derived experimental/reference value,live-fire case reference; not a sensor-to-flow label,66,water-on to knockdown
FSRI-Multi-Family,live_fire_experiment,Experiment 2B,live fire,"Combination nozzle, O pattern",,1.75,150,50,,105,,"Interior suppression knocked down the flashed-over bedroom fire in 50 s, flowing 105 gal; PPA fan activated at the same time the crew entered the apartment","First-floor apartment (1978, Apt A - same unit reused from Exp. 1E) bedroom fire with modified fuel load; flashover at 365 s prior to intervention",567.8117675999999,3.447378645,,397.46823732,source-derived experimental/reference value,live-fire case reference; not a sensor-to-flow label,50,water-on to knockdown
FSRI-Multi-Family,live_fire_experiment,Experiment 3A,live fire,"7/8 in. smooth bore nozzle, O pattern",0.875,1.75,160,50,,180,,"Interior suppression alone knocked down the kitchen/living-room fire in 77 s, flowing 180 gal; flames extended into the stairwell as the apartment door was opened; brief exterior water sweeps (7 s + 13 s, gallons not separately reported) controlled exterior eave/balcony fire spread","First-floor apartment (1974, Apt A) kitchen fire with secondary living-room ignition; horizontal ventilation via kitchen-window failure plus sliding glass door; fallen drywall partially blocked the sliding glass door, limiting ventilation and fire growth relative to Exp. 3B",605.66588544,3.447378645,,681.3741211199999,source-derived experimental/reference value,live-fire case reference; not a sensor-to-flow label,77,interior water-on to knockdown (excludes separate exterior sweeps)
FSRI-Multi-Family,live_fire_experiment,Experiment 3B,live fire,"7/8 in. smooth bore nozzle, combined exterior sweep/window application then interior application",0.875,1.75,160,50,,185,,Combined exterior (37 s / 94 gal) then interior (29 s / 91 gal) suppression knocked down the kitchen/living-room fire; total 81 s / 185 gal; exterior water reduced hazard before entry,"First-floor apartment (1974, Apt B) kitchen fire with secondary living-room ignition; both kitchen and living room reached flashover before suppression; fire auto-extended to the attic void and second-floor kitchen (Apt F), extinguished by the exterior water phase",605.66588544,3.447378645,,700.30118004,source-derived experimental/reference value,live-fire case reference; not a sensor-to-flow label,81,combined exterior+interior water-on to knockdown
FSRI-Multi-Family,live_fire_experiment,Experiment 4A,live fire,"7/8 in. smooth bore nozzle, O pattern",0.875,1.75,160,50,,184,,"Interior suppression alone knocked down the kitchen fire in 76 s, flowing 184 gal; fire had already spread into the attic via failed ceiling drywall, requiring further overhaul","Second-floor apartment (1980, Apt E) kitchen fire with vaulted living-room ceiling; ceiling drywall progressively failed during growth, extending fire into the attic space; kitchen window self-vented (cracked) but stayed mostly intact until intervention",605.66588544,3.447378645,,696.515768256,source-derived experimental/reference value,live-fire case reference; not a sensor-to-flow label,76,water-on to knockdown
FSRI-Multi-Family,live_fire_experiment,Experiment 4B,live fire,"7/8 in. smooth bore nozzle, combined exterior sweep then interior application",0.875,1.75,160,50,,140,,Combined exterior (16 s / 45 gal) then interior (42 s / 95 gal) suppression knocked down the flashed-over kitchen/living-room fire; total 58 s / 140 gal,"Second-floor apartment (1980, Apt F) simultaneous kitchen and living-room ignition; kitchen window manually vented; living room reached flashover (530 s) before suppression began",605.66588544,3.447378645,,529.95764976,source-derived experimental/reference value,live-fire case reference; not a sensor-to-flow label,58,combined exterior+interior water-on to knockdown
FSRI-Multi-Family,live_fire_method,Experiment 4B (post-suppression hydraulic ventilation),live fire,"7/8 in. smooth bore nozzle, O pattern (hydraulic ventilation)",0.875,1.75,,,,272,,"Post-suppression hydraulic ventilation via O-pattern smooth-bore stream out the living-room sliding glass door; ran 106 s, used 272 gal; resulting door velocities comparable to Experiment 1D's hydraulic ventilation","same fire apartment as Experiment 4B, post-knockdown ventilation phase",,,,1029.632005248,source-derived experimental/reference value,ventilation-tactic water-use reference; not an initial fire-suppression flow label,106,hydraulic ventilation run time
FSRI-Multi-Family,live_fire_experiment,Experiment 5 (interior hoseline),live fire,"7/8 in. smooth bore nozzle, O pattern, fixed position",0.875,1.75,160,50,,975,,"Interior stream, operated from the stairwell landing (line-of-sight limited), could not reach the seat of the fire; provided localized cooling of stairwell surfaces but did not knock the fire down alone; flowed 975 gal over 443 s before the crew could advance further once the exterior stream knocked the fire down","Lower-level apartment (1972, Apt J) living-room fire; fire-apartment door and two second-floor apartment doors (H, F) initially open; Apt H door closed at 341 s, Apt F sliding door opened at 417 s creating an uncoordinated vertical flow path through the enclosed stairwell; flashover at 374 s pre-intervention",605.66588544,3.447378645,,3690.7764893999997,source-derived experimental/reference value,live-fire case reference; not a sensor-to-flow label,443,water-on to fire knockdown by exterior stream
FSRI-Multi-Family,live_fire_experiment,Experiment 5 (exterior hoseline),live fire,"Combination nozzle, stationary then repositioned directed stream (two applications, no O pattern)",,1.75,150,50,,568,,"Exterior stream applied through the fire apartment sliding glass door in two applications (86 s / ~215 gal, then 141 s / ~353 gal after repositioning); nearly extinguished the fire on the first application and fully knocked it down on the second, enabling the interior crew's final advance and suppression",same fire apartment/scenario as Experiment 5 (interior hoseline) - simultaneous exterior attack,567.8117675999999,3.447378645,,2150.113893312,source-derived experimental/reference value,live-fire case reference; not a sensor-to-flow label,,
FSRI-Multi-Family,live_fire_experiment,Experiment 6,live fire,"Combination nozzle, straight stream",,1.75,150,50,,256,,"Exterior fire control only (two applications, 69 s then 60 s = 129 s total) knocked down a 3-story exterior fire spread; 136 gal used to extinguish the exterior flame spread, 120 gal to suppress the apartment (interior) fire; total 256 gal","Lower-level apartment (1972, Apt I) living-room fire; sliding glass door open from start, kitchen window manually vented; fire auto-extended up the exterior, igniting the first-floor (Apt C) and second-floor (Apt G) balconies/sliding glass doors",567.8117675999999,3.447378645,,969.065416704,source-derived experimental/reference value,live-fire case reference; not a sensor-to-flow label,129,combined two exterior applications (69s+60s)
FSRI-Multi-Family,live_fire_aggregate,"Experiments 1B-2B (single-room-of-fire experiments, average)",live fire,,,,,,,139,,"Average of 139 +/- 54 gal used for initial knockdown/suppression across the five single-room-of-fire experiments (1B, 1C, 1D, 1E, 2A, 2B per report grouping)",Aggregate across single-room bedroom-fire experiments; not a single case,,,,526.172237976,source-derived experimental/reference value,report-level aggregate across multiple experiments; do not apply to any single experiment's record,,
FSRI-Multi-Family,live_fire_aggregate,"Experiments 3A-4B (multiple-room-of-fire experiments, average)",live fire,,,,,,,172,,"Average of 172 +/- 19 gal used for suppression across the four multi-room-of-fire experiments (3A, 3B, 4A, 4B)",Aggregate across kitchen/living-room fire experiments; not a single case,,,,651.090826848,source-derived experimental/reference value,report-level aggregate across multiple experiments; do not apply to any single experiment's record,,
FSRI-Multi-Family,live_fire_aggregate,"Experiments 3A & 4A (interior suppression only, average)",live fire,,,,,,,182,,"Average of 182 +/- 4 gal used for the interior-suppression-only experiments (3A, 4A)",Aggregate across interior-suppression multi-room fire experiments; not a single case,,,,688.944944688,source-derived experimental/reference value,report-level aggregate across multiple experiments; do not apply to any single experiment's record,,
FSRI-Multi-Family,live_fire_aggregate,"Experiments 3B & 4B (exterior fire control, average)",live fire,,,,,,,162,,"Average of 162 +/- 22 gal used for the exterior-fire-control experiments (3B, 4B)",Aggregate across exterior-then-interior multi-room fire experiments; not a single case,,,,613.2367090079999,source-derived experimental/reference value,report-level aggregate across multiple experiments; do not apply to any single experiment's record,,
FSRI-Strip-Mall,live_fire_temperature_response,Experiment 2,live fire,,,,,,,,,AB-quadrant temp 5 ft above floor: 1633F (889C) 5s prior to suppression -> 557F (291C) 30s post-suppression,"Table 6.2, AB thermocouple array 5 ft above floor, tied to initial suppression action",,,,,source-derived experimental/reference value,live-fire suppression temperature-response reference; not a sensor-to-flow label,,
FSRI-Strip-Mall,live_fire_temperature_response,Experiment 3,live fire,,,,,,,,,AB-quadrant temp 5 ft above floor: 1514F (823C) 5s prior to suppression -> 873F (467C) 30s post-suppression,"Table 6.2, AB thermocouple array 5 ft above floor, tied to initial suppression action",,,,,source-derived experimental/reference value,live-fire suppression temperature-response reference; not a sensor-to-flow label,,
FSRI-Strip-Mall,live_fire_temperature_response,Experiment 4,live fire,,,,,,,,,AB-quadrant temp 5 ft above floor: 1613F (878C) 5s prior to suppression -> 345F (173C) 30s post-suppression,"Table 6.2, AB thermocouple array 5 ft above floor, tied to initial suppression action",,,,,source-derived experimental/reference value,live-fire suppression temperature-response reference; not a sensor-to-flow label,,
FSRI-Strip-Mall,live_fire_temperature_response,Experiment 5,live fire,,,,,,,,,AB-quadrant temp 5 ft above floor: 459F (237C) 5s prior to suppression -> 137F (58C) 30s post-suppression,"Table 6.2, AB thermocouple array 5 ft above floor, tied to initial suppression action",,,,,source-derived experimental/reference value,live-fire suppression temperature-response reference; not a sensor-to-flow label,,
FSRI-Strip-Mall,live_fire_temperature_response,Experiment 6,live fire,,,,,,,,,AB-quadrant temp 5 ft above floor: 1477F (802C) 5s prior to suppression -> 986F (530C) 30s post-suppression,"Table 6.2, AB thermocouple array 5 ft above floor, tied to initial suppression action",,,,,source-derived experimental/reference value,live-fire suppression temperature-response reference; not a sensor-to-flow label,,
FSRI-Strip-Mall,live_fire_temperature_response,Experiment 7,live fire,,,,,,,,,"AB-quadrant temp 5 ft above floor: 1715F (935C) 5s prior to suppression -> 689F (365C) at 60s post-suppression (note: 60s interval, not 30s, per table footnote)","Table 6.2, AB thermocouple array 5 ft above floor, tied to initial suppression action",,,,,source-derived experimental/reference value,live-fire suppression temperature-response reference; not a sensor-to-flow label,,
FSRI-Strip-Mall,live_fire_method,Experiment 4,live fire,aerial master stream (device/type not specified),,,,,,,,Directed through a hole that had opened in the roof due to fire; operated 1 min 39s beginning 17 min 14s after ignition; flow rate not recorded by instrumentation,"Experiment 4, unit 1069-1071, roof stability in question; used because handlines could not reach the area",,,,,source-derived experimental/reference value,live-fire suppression tactic reference; not a sensor-to-flow label (flow unrecorded),99,aerial stream operating time (1 min 39s)
FSRI-Strip-Mall,live_fire_aggregate,Experiments 1-7 (all),live fire,,,,,,,,,"Fire controlled with less than 1,850 gal of water across all seven experiments","Study-wide summary statement, Section 6.1 Water Usage",,,,,source-derived experimental/reference value,study-level aggregate; do not apply to any single experiment row,,
FSRI-Strip-Mall,live_fire_aggregate,"Experiments 2, 3, 4, 7",live fire,,,,,,,,,"Water utilized was similar in magnitude, approximately 1,400-1,850 gallons, across experiments where all front windows were ventilated","Front-window (horizontal) ventilation configuration group, Section 6.1 Water Usage",,,,,source-derived experimental/reference value,study-level aggregate spanning multiple cases; do not apply to any single experiment row,,
FSRI-Single-Family,live_fire_experiment,Experiment 1,live fire,Combination nozzle set to straight stream,,1.75,150,,,136,,Interior straight-stream knockdown; tactic time front-door-open to suppression 35 s; total water 136 gal for initial suppression (excl. mop-up),"2nd-floor bedroom fire, post-flashover; Method 1 baseline - no additional ventilation beyond front door",567.8117675999999,,,514.816002624,source-derived experimental/reference value,live-fire case reference; not a sensor-to-flow label,35,front-door-open to suppression
FSRI-Single-Family,live_fire_experiment,Experiment 2,live fire,Combination nozzle set to straight stream,,1.75,150,,,180,,Interior straight-stream knockdown then hydraulic ventilation of fire room; tactic time front-door-open to initial suppression 47 s; total water 180 gal for initial suppression + hydraulic ventilation (excl. mop-up),"2nd-floor bedroom fire, post-flashover; Method 1, hydraulic ventilation performed after fire control",567.8117675999999,,,681.3741211199999,source-derived experimental/reference value,live-fire case reference; not a sensor-to-flow label,47,front-door-open to initial suppression
FSRI-Single-Family,live_fire_experiment,Experiment 3,live fire,Combination nozzle set to straight stream,,1.75,150,,,88,,Interior straight-stream knockdown with vertical vent (precut roof+ceiling hole) opened mid-tactic; total time front-door-open to occupying fire room 81 s; total water 88 gal for initial suppression (excl. mop-up),"2nd-floor bedroom fire, post-flashover; Method 1, vertical ventilation performed after knockdown",567.8117675999999,,,333.116236992,source-derived experimental/reference value,live-fire case reference; not a sensor-to-flow label,81,front-door-open to occupying fire room
FSRI-Single-Family,live_fire_experiment,Experiment 4,live fire,Combination nozzle set to straight stream,,1.75,150,,,102,,Interior straight-stream knockdown; tactic time front-door-open to initial suppression 47 s; total water 102 gal for initial suppression (excl. mop-up),"2nd-floor bedroom fire, post-flashover; Method 1, additional horizontal ventilation (remote bedroom windows) performed after knockdown",567.8117675999999,,,386.112001968,source-derived experimental/reference value,live-fire case reference; not a sensor-to-flow label,47,front-door-open to initial suppression
FSRI-Single-Family,live_fire_experiment,Experiment 5,live fire,Combination nozzle set to straight stream,,1.75,150,,,166,,"Interior straight-stream knockdown; tactic time front-door-open to suppression 50 s; total water 166 gal for initial suppression (excl. mop-up); PPV fan (18in, gas, 14773 CFM) started after crew entered fire room","2nd-floor bedroom fire, post-flashover; Method 1, positive pressure ventilation started after fire control",567.8117675999999,,,628.378356144,source-derived experimental/reference value,live-fire case reference; not a sensor-to-flow label,50,front-door-open to suppression
FSRI-Single-Family,live_fire_experiment,Experiment 6,live fire,Combination nozzle set to straight stream,,1.75,150,,,97,,Interior straight-stream knockdown; door closed to hose width during advance then reopened/chocked post-knockdown (door-control ventilation); tactic time front-door-open to suppression 69 s; total water 97 gal for initial suppression (excl. mop-up),"2nd-floor bedroom fire, post-flashover; Method 1, door-control ventilation",567.8117675999999,,,367.184943048,source-derived experimental/reference value,live-fire case reference; not a sensor-to-flow label,69,front-door-open to suppression
FSRI-Single-Family,live_fire_experiment,Experiment 7,live fire,Combination nozzle set to straight stream,,1.75,150,,,133,,Interior straight-stream knockdown; total tactic time front-door-open to occupying fire room 80 s; total water approximately 133 gal for initial suppression (excl. mop-up),"2nd-floor bedroom fire, post-flashover; Method 2, vertical ventilation (over fire room) completed prior to suppression",567.8117675999999,,,503.45976727199997,source-derived experimental/reference value,live-fire case reference; not a sensor-to-flow label,80,front-door-open to occupying fire room
FSRI-Single-Family,live_fire_experiment,Experiment 8,live fire,Combination nozzle set to straight stream,,1.75,150,,,120,,Interior straight-stream knockdown; total time front-door-open to fire room entry 84 s; total water 120 gal for initial suppression (excl. mop-up),"2nd-floor bedroom fire, approached flashover (~1100F, stratified) before intervention; Method 2, vertical ventilation (over hallway, remote from fire room) completed prior to suppression",567.8117675999999,,,454.24941408,source-derived experimental/reference value,live-fire case reference; not a sensor-to-flow label,84,front-door-open to fire room entry
FSRI-Single-Family,live_fire_experiment,Experiment 9,live fire,Combination nozzle set to straight stream,,1.75,150,,,109,,"Interior straight-stream knockdown; tactic time front-door-open to occupying fire room 133 s; total water 109 gal for initial suppression (excl. mop-up); PPV fan (gas, 14155 CFM) positioned/started before crew entry","2nd-floor bedroom fire, post-flashover; Method 2, positive pressure attack (fan run concurrent with advance)",567.8117675999999,,,412.609884456,source-derived experimental/reference value,live-fire case reference; not a sensor-to-flow label,133,front-door-open to occupying fire room
FSRI-Single-Family,live_fire_experiment,Experiment 10,live fire,Combination nozzle set to straight stream,,1.75,150,,,151,,Single 1.75in hoseline used for both exterior (11 s) and interior suppression; tactic time initial exterior intervention to interior fire-room entry 169 s; total water 151 gal for initial suppression (excl. mop-up),"2nd-floor bedroom 1 fire, post-flashover; Method 3 baseline - brief exterior water flow through fire-room window then interior suppression, no additional ventilation beyond front door",567.8117675999999,,,571.597179384,source-derived experimental/reference value,live-fire case reference; not a sensor-to-flow label,169,initial exterior intervention to interior fire-room entry
FSRI-Single-Family,live_fire_experiment,Experiment 11,live fire,Combination nozzle set to straight stream,,1.75,150,,,105,,"Two 1.75in hoselines (primary=interior 68 gal, secondary=exterior 37 gal); tactic time exterior-flow to fire-room entry 126 s; total water 105 gal for initial suppression (excl. mop-up); PPV fan (18in, gas, 14773 CFM)","2nd-floor bedroom 2 fire, post-flashover; Method 3, exterior water flow followed by positive pressure ventilation and interior suppression",567.8117675999999,,,397.46823732,source-derived experimental/reference value,live-fire case reference; not a sensor-to-flow label,126,exterior-flow to fire-room entry
FSRI-Single-Family,live_fire_experiment,Experiment 12,live fire,Combination nozzle set to straight stream,,1.75,150,,,182,,"Two 1.75in hoselines (primary=interior 162 gal, secondary=exterior 20 gal); tactic time exterior-flow to fire-room entry 112 s; total water 182 gal for initial suppression (excl. mop-up)","2nd-floor bedroom fire, post-flashover; Method 3, exterior water flow then all second-floor windows opened (additional horizontal ventilation) before interior suppression",567.8117675999999,,,688.944944688,source-derived experimental/reference value,live-fire case reference; not a sensor-to-flow label,112,exterior-flow to fire-room entry
FSRI-Single-Family,live_fire_experiment,Experiment 13,live fire,Combination nozzle set to straight stream,,1.75,150,,,192,,"Two 1.75in hoselines (primary=exterior 111 gal, secondary=interior 81 gal); two sequential exterior applications (initial steep-angle ceiling hit, then window-lintel hit) before interior entry; tactic time exterior-suppression-start to interior extinguishment 405 s; total water 192 gal (excl. mop-up)","2nd-floor bedroom fire with simulated/failed ceiling (drop-ceiling release at 360 s post-ignition); Method 4, no additional ventilation",567.8117675999999,,,726.7990625279999,source-derived experimental/reference value,live-fire case reference; not a sensor-to-flow label,405,exterior-suppression-start to interior extinguishment
FSRI-Single-Family,live_fire_experiment,Experiment 14,live fire,Combination nozzle set to straight stream,,1.75,150,,,242,,"Single 1.75in hoseline repositioned exterior-to-interior (237 gal exterior + 5 gal interior); two sequential exterior applications (ceiling hit, then lintel hit) before interior entry; total tactic time initial exterior suppression to extinguishment 215 s; total water 242 gal (excl. mop-up)","2nd-floor bedroom fire with simulated/failed ceiling (drop-ceiling release at 361 s post-ignition); Method 4, no additional ventilation",567.8117675999999,,,916.0696517279999,source-derived experimental/reference value,live-fire case reference; not a sensor-to-flow label,215,initial exterior suppression to extinguishment
FSRI-Single-Family,live_fire_experiment,Experiment 15,live fire,Combination nozzle set to straight stream,,1.75,150,,,99,,Interior straight-stream knockdown; tactic time front-door-open to fire-room entry 75 s; total water 99 gal for initial suppression (excl. mop-up),"1st-floor kitchen fire, post-flashover; Method 5 baseline, no additional ventilation beyond front door",567.8117675999999,,,374.755766616,source-derived experimental/reference value,live-fire case reference; not a sensor-to-flow label,75,front-door-open to fire-room entry
FSRI-Single-Family,live_fire_experiment,Experiment 16,live fire,Combination nozzle set to straight stream,,1.75,150,,,217,,"Interior suppression using flow-and-move technique with partial bale closures (~25 s of stream misdirected at a wall), explicitly cited by the report as the highest-water-use interior-suppression experiment; tactic time front-door-vent to fire-room entry 128 s; total water 217 gal for initial suppression (excl. mop-up)","1st-floor kitchen fire, post-flashover; Method 5, additional horizontal ventilation (side-A window, 22.5 ft from kitchen) opened before suppression",567.8117675999999,,,821.434357128,source-derived experimental/reference value,live-fire case reference; not a sensor-to-flow label,128,front-door-vent to fire-room entry
FSRI-Single-Family,live_fire_experiment,Experiment 17,live fire,Combination nozzle set to straight stream,,1.75,150,,,99,,"Interior straight-stream knockdown; tactic time front-door-open to fire-room entry 88 s; total water 99 gal for initial suppression (excl. mop-up); PPV fan (gas, 14155 CFM) started before crew entry","1st-floor kitchen fire, post-flashover; Method 5, positive pressure ventilation started before suppression",567.8117675999999,,,374.755766616,source-derived experimental/reference value,live-fire case reference; not a sensor-to-flow label,88,front-door-open to fire-room entry
FSRI-Single-Family,live_fire_experiment,Experiment 18,live fire,Combination nozzle set to straight stream,,1.75,150,,,73,,"Two 1.75in hoselines (primary=exterior 57 gal, secondary=interior 16 gal); tactic time exterior-to-interior suppression 108 s; total water 73 gal for initial suppression (excl. mop-up)","1st-floor kitchen fire with partial ceiling failure at 465 s post-ignition, post-flashover; Method 6 baseline - exterior water flow through window then interior suppression, no additional ventilation beyond front door",567.8117675999999,,,276.335060232,source-derived experimental/reference value,live-fire case reference; not a sensor-to-flow label,108,exterior-to-interior suppression
FSRI-Single-Family,live_fire_experiment,Experiment 19,live fire,Combination nozzle set to straight stream,,1.75,150,,,108,,Single 1.75in hoseline repositioned exterior-to-interior; tactic time exterior-to-interior water flow 93 s; total water 108 gal for initial suppression (excl. mop-up),"1st-floor kitchen fire, post-flashover; Method 6, exterior water flow then windows broken on sides A/B/D (additional horizontal ventilation) before interior suppression",567.8117675999999,,,408.824472672,source-derived experimental/reference value,live-fire case reference; not a sensor-to-flow label,93,exterior-to-interior water flow
FSRI-Single-Family,live_fire_experiment,Experiment 20,live fire,Combination nozzle set to straight stream,,1.75,150,,,103,,"Two 1.75in hoselines (primary=interior 74 gal, secondary=exterior 29 gal); tactic time exterior-to-interior water flow 112 s; total water 103 gal for initial suppression (excl. mop-up); PPV fan turned on before front door opened","1st-floor kitchen fire, post-flashover; Method 6, exterior water flow then positive pressure ventilation before interior suppression",567.8117675999999,,,389.897413752,source-derived experimental/reference value,live-fire case reference; not a sensor-to-flow label,112,exterior-to-interior water flow
FSRI-Single-Family,live_fire_aggregate,Method 1 (Experiments 1-6) average,live fire,Combination nozzle set to straight stream,,1.75,150,,,128,,Average total water usage across the Method 1 experiment set (Table 5.2),"Bedroom fire, interior suppression, ventilation after suppression (Method 1, Exp 1-6)",567.8117675999999,,,484.532708352,source-derived experimental/reference value,study-level aggregate; not a single-case label,,
FSRI-Single-Family,live_fire_aggregate,Method 2 (Experiments 7-9) average,live fire,Combination nozzle set to straight stream,,1.75,150,,,120,,Average total water usage across the Method 2 experiment set (Table 5.2),"Bedroom fire, interior suppression, ventilation prior to suppression (Method 2, Exp 7-9)",567.8117675999999,,,454.24941408,source-derived experimental/reference value,study-level aggregate; not a single-case label,,
FSRI-Single-Family,live_fire_aggregate,Method 3 (Experiments 10-12) average,live fire,Combination nozzle set to straight stream,,1.75,150,,,145,,Average total water usage across the Method 3 experiment set (Table 5.2),"Bedroom fire, initial exterior suppression, ventilation after suppression (Method 3, Exp 10-12)",567.8117675999999,,,548.88470868,source-derived experimental/reference value,study-level aggregate; not a single-case label,,
FSRI-Single-Family,live_fire_aggregate,Method 4 (Experiments 13-14) average,live fire,Combination nozzle set to straight stream,,1.75,150,,,218,,Average total water usage across the Method 4 experiment set (Table 5.2),"Bedroom fire, initial exterior suppression, failed/missing ceiling (Method 4, Exp 13-14)",567.8117675999999,,,825.219768912,source-derived experimental/reference value,study-level aggregate; not a single-case label,,
FSRI-Single-Family,live_fire_aggregate,Method 5 (Experiments 15-17) average,live fire,Combination nozzle set to straight stream,,1.75,150,,,138,,Average total water usage across the Method 5 experiment set (Table 5.2),"Kitchen fire, interior suppression, ventilation prior to suppression (Method 5, Exp 15-17)",567.8117675999999,,,522.386826192,source-derived experimental/reference value,study-level aggregate; not a single-case label,,
FSRI-Single-Family,live_fire_aggregate,Method 6 (Experiments 18-20) average,live fire,Combination nozzle set to straight stream,,1.75,150,,,95,,Average total water usage across the Method 6 experiment set (Table 5.2),"Kitchen fire, initial exterior suppression, ventilation after suppression (Method 6, Exp 18-20)",567.8117675999999,,,359.61411948,source-derived experimental/reference value,study-level aggregate; not a single-case label,,
