firefighter_id,timestamp,heart_rate,acc_x,acc_y,acc_z,gyro_x,gyro_y,gyro_z,gas,temperature
FF01,14:00:00,76.104709,0.082469,0.18056,9.867505,0.005397,0.017077,0.006541,20.419029,30.391565
FF01,14:00:01,74.755173,0.08126,0.208991,9.848772,0.013226,0.022868,0.005977,21.591273,29.836286
FF01,14:00:02,74.116147,0.088539,0.200065,9.777846,0.009192,0.017452,0.013908,22.453835,29.833802
FF01,14:00:03,74.250764,0.093981,0.181296,9.779813,0.017916,0.017673,0.016573,23.030684,30.025342
FF01,14:00:04,74.980091,0.074319,0.260931,9.757522,0.012809,0.024644,0.006531,17.675481,30.965796
FF01,14:00:05,72.786533,0.049128,0.232334,9.859273,0.014563,0.013073,0.007146,19.019044,29.969529
FF01,14:00:06,75.785519,0.076303,0.224445,9.860102,0.013476,0.015212,0.013897,18.668944,30.449011
FF01,14:00:07,77.256226,-0.010136,0.171993,9.798375,0.007369,0.012382,0.011403,22.266623,30.47439
FF01,14:00:08,74.45347,0.087158,0.175806,9.798894,0.006738,0.024305,0.009925,22.948188,29.704514
FF01,14:00:09,74.10139,0.07141,0.171562,9.794157,0.015329,0.025882,0.011311,23.396364,29.370857
FF01,14:00:10,77.43477,0.116401,0.179717,9.755667,0.012017,0.02743,0.01932,22.639753,29.89797
FF01,14:00:11,74.453024,0.104699,0.203319,9.806313,0.011014,0.022071,0.006079,21.333907,30.005485
FF01,14:00:12,74.841631,0.088905,0.17909,9.805917,0.012253,0.021721,0.013184,21.328516,29.571433
FF01,14:00:13,72.398027,0.075583,0.254849,9.733978,0.007643,0.016711,0.013516,20.044439,29.943994
FF01,14:00:14,76.523404,0.131022,0.230955,9.840457,0.01446,0.017567,0.002964,20.097768,29.543402
FF01,14:00:15,73.753855,0.001282,0.185185,9.725591,0.006087,0.021637,0.009463,19.231238,29.76002
FF01,14:00:16,75.604036,0.158659,0.180999,9.90216,0.012356,0.014754,0.004511,20.776886,29.904902
FF01,14:00:17,78.306328,0.082574,0.203775,9.86517,0.00859,0.02518,0.004751,20.722676,30.266202
FF01,14:00:18,75.371433,0.063532,0.199706,9.822476,0.006643,0.010997,0.006282,17.92697,30.121737
FF01,14:00:19,79.254552,0.134142,0.204348,9.819142,0.013647,0.015587,0.012208,17.185287,30.378211
FF01,14:00:20,77.624938,0.202725,0.153471,9.741979,0.025236,0.013447,0.018139,20.261369,30.553225
FF01,14:00:21,79.289044,0.209303,0.186893,9.76233,0.023838,0.027158,0.014289,23.82847,30.064526
FF01,14:00:22,83.293746,0.250862,0.14518,9.744912,0.012217,0.023217,0.018514,18.778548,29.834231
FF01,14:00:23,82.100806,0.181054,0.22229,9.716758,0.028116,0.023384,0.030557,19.53553,29.840504
FF01,14:00:24,81.398747,0.233185,0.269247,9.776726,0.025035,0.027421,0.020765,15.829071,30.147311
FF01,14:00:25,80.593434,0.275129,0.17078,9.756971,0.034432,0.026279,0.013044,20.128735,30.500321
FF01,14:00:26,82.703069,0.321307,0.233767,9.689051,0.030342,0.025938,0.018295,22.27985,30.505537
FF01,14:00:27,86.667928,0.290558,0.123143,9.605074,0.035685,0.043518,0.026031,19.92322,30.337773
FF01,14:00:28,84.41146,0.344725,0.263581,9.724627,0.034592,0.039541,0.025469,25.257793,30.910732
FF01,14:00:29,83.402039,0.364621,0.249654,9.59139,0.029506,0.042241,0.029966,17.882379,30.417869
FF01,14:00:30,87.25749,0.368455,0.18594,9.705061,0.043452,0.035394,0.025977,16.91547,30.135364
FF01,14:00:31,85.737841,0.397784,0.224181,9.596273,0.031516,0.041104,0.027677,19.185816,30.393513
FF01,14:00:32,89.706784,0.368683,0.159529,9.60229,0.040421,0.045515,0.033484,20.123274,30.761973
FF01,14:00:33,87.152859,0.415429,0.269717,9.607034,0.050546,0.043168,0.034971,18.451732,30.456202
FF01,14:00:34,87.491897,0.41451,0.217649,9.650151,0.045545,0.04718,0.0313,19.589739,30.654855
FF01,14:00:35,87.300678,0.416446,0.260293,9.626863,0.049571,0.046042,0.037295,16.640023,30.971156
FF01,14:00:36,89.667715,0.465481,0.12868,9.62227,0.046381,0.049096,0.049197,18.181064,30.176049
FF01,14:00:37,88.66531,0.479954,0.245585,9.589555,0.059738,0.052665,0.047278,18.744845,30.667597
FF01,14:00:38,87.374288,0.491151,0.204817,9.6223,0.053451,0.055811,0.037855,21.636254,29.776279
FF01,14:00:39,89.442953,0.46466,0.151562,9.620711,0.053591,0.051468,0.054502,20.126505,30.809683
FF01,14:00:40,91.418104,0.365615,0.119113,9.455467,0.046215,0.041946,0.034224,33.740736,32.5456
FF01,14:00:41,92.719097,0.359651,0.383755,9.635181,0.036051,0.039164,0.039694,39.65663,33.621965
FF01,14:00:42,94.089619,0.438311,0.366112,9.59888,0.039706,0.044242,0.019313,37.251182,33.103342
FF01,14:00:43,94.326691,0.479422,0.282029,9.474314,0.040945,0.047898,0.031913,43.053507,34.373151
FF01,14:00:44,95.43148,0.452465,0.327261,9.476935,0.050244,0.037148,0.041413,45.774743,34.312465
FF01,14:00:45,96.294915,0.445798,0.296071,9.47702,0.046535,0.059524,0.045262,44.505345,34.473083
FF01,14:00:46,95.411962,0.328487,0.304219,9.670884,0.049432,0.045254,0.048165,46.01292,34.592386
FF01,14:00:47,97.813546,0.425927,0.362671,9.5611,0.045128,0.045665,0.047321,50.96664,35.032823
FF01,14:00:48,99.037334,0.436757,0.323102,9.542391,0.061994,0.054948,0.04504,50.362277,34.760958
FF01,14:00:49,98.543975,0.440153,0.272526,9.507799,0.06349,0.057507,0.052994,49.739108,36.358953
FF01,14:00:50,101.671125,0.464444,0.332018,9.61261,0.055657,0.053569,0.041782,54.984448,35.713664
FF01,14:00:51,100.238616,0.496064,0.245141,9.498903,0.063349,0.063896,0.051186,55.205868,36.885532
FF01,14:00:52,103.087385,0.557565,0.27925,9.359878,0.061648,0.072464,0.04993,61.268228,36.466106
FF01,14:00:53,101.990787,0.605051,0.326487,9.450104,0.065565,0.064275,0.0575,60.636679,37.013597
FF01,14:00:54,102.453832,0.502309,0.275659,9.463817,0.072225,0.066108,0.050028,64.110039,36.868767
FF01,14:00:55,104.050453,0.561268,0.269678,9.34862,0.064092,0.074903,0.070548,63.428456,38.120055
FF01,14:00:56,107.983635,0.535886,0.339553,9.444911,0.078327,0.07388,0.057048,68.229786,37.392117
FF01,14:00:57,109.456419,0.609692,0.30344,9.333131,0.073292,0.083622,0.068735,70.77312,37.481022
FF01,14:00:58,110.36533,0.581885,0.258829,9.488181,0.071884,0.065719,0.071926,72.615322,38.057467
FF01,14:00:59,108.162949,0.608046,0.25345,9.426856,0.075737,0.096875,0.061881,75.863692,39.203307
FF02,14:00:00,76.500104,0.047611,0.183058,9.824406,0.011367,0.015953,0.01035,17.386795,29.680756
FF02,14:00:01,72.311032,0.091447,0.157029,9.692809,0.006366,0.006882,0.013299,19.675828,29.549272
FF02,14:00:02,72.92638,0.041768,0.144927,9.879879,0.006529,0.007118,0.008797,18.574537,29.225447
FF02,14:00:03,73.040603,0.139764,0.184976,9.801457,0.010915,0.01251,0.006128,17.4724,29.891088
FF02,14:00:04,74.165428,0.076791,0.139043,9.874587,0.010176,0.01305,0.00838,20.517865,29.578631
FF02,14:00:05,75.596881,0.0664,0.171388,9.844567,0.005935,0.012967,0.006976,16.294283,29.309999
FF02,14:00:06,75.601493,0.045631,0.236213,9.808378,0.01658,0.011471,0.019528,17.62134,29.685263
FF02,14:00:07,73.292054,0.06149,0.146958,9.744039,0.011761,0.009013,0.010537,14.977956,29.486737
FF02,14:00:08,78.561119,0.107608,0.175628,9.870946,0.011449,0.014966,0.009659,15.030711,30.249835
FF02,14:00:09,75.331597,0.067192,0.16574,9.842447,0.009559,0.00727,0.008163,19.195356,30.225141
FF02,14:00:10,72.911,0.057965,0.188876,9.716747,0.002622,0.011911,0.004136,19.185399,29.280811
FF02,14:00:11,75.950186,0.116295,0.189545,9.7549,0.011398,0.019574,0.011927,21.22786,29.25696
FF02,14:00:12,69.196123,0.05564,0.135241,9.793176,0.016561,0.004479,0.015286,15.730908,29.38621
FF02,14:00:13,76.344769,0.078171,0.16395,9.875118,-0.001123,0.004738,0.015918,17.120565,29.822067
FF02,14:00:14,73.536053,0.11506,0.135475,9.844453,0.001768,0.014494,0.009075,16.504701,30.220776
FF02,14:00:15,71.145184,0.122832,0.185945,9.74015,-0.001914,0.007266,0.006009,18.119541,29.702672
FF02,14:00:16,72.466479,0.062641,0.16879,9.872557,0.011441,0.01482,0.011749,19.502692,29.333642
FF02,14:00:17,71.893236,0.094848,0.159646,9.763001,0.012989,0.005524,0.009979,17.078896,29.300578
FF02,14:00:18,72.221039,0.086167,0.204936,9.777301,0.008955,0.003571,0.010779,16.80546,29.395678
FF02,14:00:19,77.304125,0.088639,0.128991,9.862441,0.009264,0.005803,0.012993,17.889448,29.587292
FF02,14:00:20,72.037262,0.077768,0.175501,9.703756,0.008419,0.009751,0.002729,16.370007,29.150146
FF02,14:00:21,70.113093,0.100491,0.164842,9.82446,0.008415,0.008593,0.004926,17.302346,29.557076
FF02,14:00:22,75.029996,0.06407,0.240459,9.872713,0.005916,0.009155,0.009357,17.69328,29.693985
FF02,14:00:23,73.913595,0.090212,0.185087,9.807401,0.00809,0.013029,0.010639,15.677922,29.354319
FF02,14:00:24,73.062979,0.11229,0.185415,9.80658,0.014628,0.019433,0.001913,18.930947,29.09172
FF02,14:00:25,76.938159,0.048853,0.188974,9.859124,0.007337,0.010296,0.008458,18.450945,29.123836
FF02,14:00:26,71.498084,0.092499,0.15026,9.805096,0.013144,0.017911,0.008962,18.463093,30.028221
FF02,14:00:27,77.068456,0.061267,0.175628,9.88149,-0.000121,0.007293,0.00673,15.215761,29.822921
FF02,14:00:28,75.113834,0.119624,0.165859,9.83152,0.008535,0.015872,0.009677,15.276674,29.975506
FF02,14:00:29,74.612323,0.03213,0.158408,9.80432,0.002216,0.008094,0.014668,17.998539,29.502394
FF02,14:00:30,78.101315,0.114984,0.208656,9.765109,0.018975,0.015428,0.011054,20.777283,29.205011
FF02,14:00:31,69.63414,0.085921,0.190661,9.857407,0.003285,0.013214,0.011904,20.052829,29.520334
FF02,14:00:32,73.978243,0.115677,0.199215,9.799076,0.017232,0.01901,0.010952,18.287791,29.418468
FF02,14:00:33,72.51197,0.110182,0.147237,9.771098,0.010593,0.008774,0.014374,16.060405,30.00339
FF02,14:00:34,75.217596,0.101384,0.146517,9.79183,0.006515,0.007275,0.014382,17.636974,29.58638
FF02,14:00:35,73.620614,0.120485,0.19223,9.887002,0.011679,0.007216,0.004155,15.825422,29.919346
FF02,14:00:36,70.167335,0.128191,0.219413,9.717902,0.00244,0.013772,0.014708,16.118528,29.740791
FF02,14:00:37,74.283908,0.117543,0.184778,9.856603,0.013471,0.017464,0.004997,16.715299,28.923681
FF02,14:00:38,72.940895,0.121134,0.162526,9.768592,0.012778,0.004947,0.005827,18.909029,29.654068
FF02,14:00:39,79.820057,0.139067,0.191479,9.845773,0.018784,0.003991,0.009609,15.796853,29.065205
FF02,14:00:40,72.612787,0.066527,0.210484,9.827546,0.009686,0.009282,0.012349,18.255682,29.77008
FF02,14:00:41,72.186149,0.089816,0.204613,9.816027,0.009719,0.004357,0.014236,15.243022,29.601725
FF02,14:00:42,73.149826,0.064096,0.119826,9.814256,0.010842,0.006087,0.016022,17.616511,28.504578
FF02,14:00:43,73.811652,0.114805,0.24069,9.822202,0.0076,0.014341,0.003694,19.549283,29.625467
FF02,14:00:44,77.742205,0.090218,0.199189,9.822959,0.006299,0.007236,0.006799,20.999198,28.918694
FF02,14:00:45,76.052721,0.12976,0.156615,9.70647,0.008394,0.005674,0.003239,19.513704,29.033521
FF02,14:00:46,71.159889,0.156633,0.193275,9.777418,0.014651,-0.000811,0.017098,16.77104,29.333107
FF02,14:00:47,73.626491,0.114364,0.169628,9.821531,0.007169,0.009234,0.004479,15.776307,29.874078
FF02,14:00:48,74.401371,0.046701,0.21285,9.723983,0.004716,0.013352,0.00672,18.626355,30.065862
FF02,14:00:49,71.991568,0.077974,0.147452,9.780945,0.006939,0.006641,0.006322,11.947695,29.955706
FF02,14:00:50,77.20607,0.11479,0.1626,9.767009,0.001842,0.013547,0.009432,21.232118,29.390136
FF02,14:00:51,78.270565,0.077893,0.128995,9.903373,0.012033,0.011331,0.023999,20.626039,29.778578
FF02,14:00:52,73.254654,0.067276,0.159588,9.740396,0.000553,-0.003849,0.015682,16.896779,29.354516
FF02,14:00:53,71.602799,0.110507,0.171231,9.7892,0.005729,-0.00239,0.00533,15.826322,29.493248
FF02,14:00:54,76.558555,0.070766,0.132171,9.819472,0.014498,0.001507,0.006069,17.657288,29.600192
FF02,14:00:55,71.755744,0.093434,0.175577,9.867378,0.011996,0.005173,0.014467,17.604653,29.018045
FF02,14:00:56,74.552497,0.10551,0.194497,9.744539,0.015623,0.014412,0.009658,19.109959,28.710808
FF02,14:00:57,75.430899,0.025039,0.199763,9.685443,0.004131,0.009475,0.011866,14.332557,28.909518
FF02,14:00:58,72.535877,0.066565,0.180339,9.745848,0.019019,0.012899,0.015821,17.999242,29.565052
FF02,14:00:59,74.905828,0.047274,0.184757,9.83671,0.016586,0.00919,0.023063,19.572061,30.03897
FF03,14:00:00,83.445716,0.207671,0.265349,9.763818,0.029262,0.021845,0.020981,19.967481,30.684746
FF03,14:00:01,88.260156,0.273348,0.262802,9.602656,0.035084,0.033824,0.009022,26.046229,30.89133
FF03,14:00:02,89.263815,0.324523,0.220629,9.663435,0.021929,0.029819,0.01603,23.825595,31.470715
FF03,14:00:03,82.049019,0.286839,0.195688,9.655405,0.030569,0.032797,0.018799,15.840835,30.029946
FF03,14:00:04,88.938509,0.253789,0.24789,9.590636,0.02835,0.040889,0.011848,26.66179,31.278916
FF03,14:00:05,79.619907,0.240664,0.2451,9.78867,0.037229,0.019572,0.019992,20.061977,31.069328
FF03,14:00:06,88.608479,0.248595,0.130212,9.55938,0.024521,0.038212,0.019313,24.453904,31.494439
FF03,14:00:07,85.657709,0.276821,0.205049,9.671546,0.019233,0.02995,0.020568,24.33213,31.570843
FF03,14:00:08,89.603903,0.21766,0.236861,9.6332,0.03417,0.031877,0.016818,26.419621,31.05501
FF03,14:00:09,86.531068,0.238291,0.17153,9.83962,0.027153,0.016089,0.018137,23.848455,30.692599
FF03,14:00:10,81.577726,0.295977,0.164938,9.597944,0.047119,0.023269,0.029333,26.430718,30.539953
FF03,14:00:11,86.532216,0.268427,0.239359,9.809377,0.025941,0.034558,0.016263,22.254949,31.114597
FF03,14:00:12,88.365948,0.235315,0.255083,9.712171,0.031194,0.027666,0.017795,20.202406,31.266649
FF03,14:00:13,91.19459,0.278036,0.269134,9.610349,0.038316,0.031173,0.038059,20.510564,31.2683
FF03,14:00:14,84.931764,0.301155,0.23091,9.730446,0.03124,0.031403,0.026795,20.570147,31.93179
FF03,14:00:15,89.955095,0.295405,0.20634,9.585734,0.030401,0.034284,0.020051,20.819851,31.074713
FF03,14:00:16,84.274809,0.218352,0.197075,9.694165,0.03159,0.033032,0.011688,21.510332,30.893827
FF03,14:00:17,81.8611,0.266336,0.227406,9.69059,0.028861,0.027701,0.018897,20.542057,30.930419
FF03,14:00:18,89.436864,0.264428,0.171233,9.51489,0.034521,0.040688,0.019787,28.567772,31.409107
FF03,14:00:19,88.384674,0.277611,0.186716,9.724178,0.029937,0.037647,0.013525,26.750996,30.666666
FF03,14:00:20,83.349742,0.300788,0.257124,9.727967,0.015703,0.03703,0.017047,21.571533,31.072352
FF03,14:00:21,85.462585,0.248669,0.274295,9.629604,0.033682,0.034565,0.031274,22.559262,31.957887
FF03,14:00:22,88.324084,0.331314,0.173369,9.546656,0.029048,0.021915,0.018993,25.874634,32.055657
FF03,14:00:23,86.457875,0.218998,0.208534,9.548775,0.0246,0.028343,0.029656,20.1487,31.877935
FF03,14:00:24,90.593336,0.306483,0.18016,9.720092,0.035135,0.034271,0.017128,23.071692,31.072188
FF03,14:00:25,85.993717,0.194584,0.297936,9.762829,0.036621,0.037541,0.012808,24.887244,30.871154
FF03,14:00:26,92.999882,0.252126,0.251145,9.641224,0.03604,0.033115,0.015322,23.914352,31.71333
FF03,14:00:27,85.763476,0.160003,0.199383,9.674696,0.030143,0.028703,0.021184,28.329855,31.156997
FF03,14:00:28,90.295764,0.27626,0.21316,9.594484,0.023282,0.035056,0.028643,25.230861,31.474574
FF03,14:00:29,87.823676,0.22411,0.200105,9.751257,0.031108,0.033813,0.018188,23.691691,31.813653
FF03,14:00:30,91.648391,0.234118,0.240318,9.644048,0.031025,0.040422,0.015781,22.963139,31.564309
FF03,14:00:31,88.778886,0.282323,0.209755,9.699215,0.028326,0.028344,0.018309,25.945143,31.104711
FF03,14:00:32,87.926801,0.329672,0.213546,9.601868,0.028802,0.032876,0.016826,24.428931,31.430523
FF03,14:00:33,91.18141,0.200433,0.149353,9.588765,0.032935,0.028886,0.021473,21.880414,31.773139
FF03,14:00:34,90.301187,0.235861,0.197904,9.576508,0.033428,0.034532,0.021737,23.992432,31.090356
FF03,14:00:35,91.211639,0.228955,0.236897,9.70865,0.03354,0.029074,0.02478,24.307192,31.229745
FF03,14:00:36,87.254318,0.19835,0.167997,9.69438,0.029027,0.025014,0.013209,25.646189,31.758608
FF03,14:00:37,90.458178,0.237056,0.222435,9.558267,0.022865,0.024563,0.023596,22.788443,31.637149
FF03,14:00:38,87.516019,0.227562,0.230082,9.742487,0.031276,0.029633,0.021463,26.669776,31.759951
FF03,14:00:39,88.085263,0.279026,0.175513,9.560708,0.027425,0.035289,0.023683,26.667004,31.693253
FF03,14:00:40,89.37353,0.184131,0.202535,9.613,0.026642,0.038561,0.013715,22.629235,31.869283
FF03,14:00:41,95.043007,0.268967,0.185564,9.528164,0.031997,0.025112,0.012491,20.265209,31.402208
FF03,14:00:42,92.950273,0.212026,0.264006,9.679272,0.033495,0.0387,0.013038,23.273137,31.980371
FF03,14:00:43,89.761001,0.267934,0.236258,9.679672,0.032844,0.024751,0.018443,22.441496,32.107707
FF03,14:00:44,92.246724,0.239068,0.213899,9.730902,0.032071,0.026436,0.020212,26.1468,32.074077
FF03,14:00:45,86.92865,0.224686,0.215373,9.585085,0.025225,0.024188,0.019502,21.04503,32.096375
FF03,14:00:46,92.10241,0.237336,0.213575,9.579448,0.036254,0.026738,0.009871,19.530781,32.027836
FF03,14:00:47,90.892916,0.214649,0.175383,9.525079,0.029195,0.019241,0.01728,24.350017,31.900085
FF03,14:00:48,93.230541,0.254764,0.19135,9.554969,0.031744,0.032335,0.008163,23.818756,32.491871
FF03,14:00:49,94.415728,0.239451,0.191884,9.732991,0.026111,0.032247,0.019937,27.19394,32.063894
FF03,14:00:50,97.973769,0.176464,0.183599,9.45262,0.038741,0.02642,0.012582,23.507091,32.026224
FF03,14:00:51,95.469719,0.191417,0.210505,9.664657,0.038962,0.032727,0.031082,26.301037,31.503048
FF03,14:00:52,90.008375,0.229144,0.188845,9.707745,0.030022,0.027374,0.014921,24.404658,32.522846
FF03,14:00:53,92.372714,0.262191,0.271605,9.477629,0.029566,0.017713,0.012848,18.398009,32.355359
FF03,14:00:54,89.917681,0.285679,0.168879,9.526257,0.02171,0.040262,0.027003,21.637069,31.804741
FF03,14:00:55,92.184288,0.243635,0.22425,9.748515,0.035312,0.027454,0.015339,22.259028,32.277577
FF03,14:00:56,90.981816,0.235634,0.23556,9.636221,0.026365,0.033753,0.024532,29.368824,32.059667
FF03,14:00:57,96.069574,0.230154,0.257376,9.583505,0.025479,0.022809,0.0192,29.711923,31.865727
FF03,14:00:58,96.128281,0.290253,0.193145,9.60235,0.037769,0.025263,0.014333,19.218444,31.893361
FF03,14:00:59,95.727075,0.237301,0.164472,9.62019,0.026801,0.034952,0.018621,24.028182,32.232724
FF04,14:00:00,102.241738,0.478204,0.280909,9.481901,0.051792,0.054538,0.037294,45.84912,33.329136
FF04,14:00:01,99.485693,0.332326,0.307558,9.640894,0.058014,0.038206,0.052069,39.911448,33.374193
FF04,14:00:02,100.893874,0.458834,0.305149,9.487431,0.055234,0.052366,0.037849,37.772022,33.615746
FF04,14:00:03,100.745566,0.44154,0.27944,9.577807,0.042038,0.048088,0.041798,40.283525,33.435686
FF04,14:00:04,107.147677,0.398103,0.221824,9.596635,0.053936,0.05555,0.042522,44.515327,33.472289
FF04,14:00:05,104.776529,0.501002,0.44723,9.458079,0.054404,0.056736,0.043329,44.571683,34.211234
FF04,14:00:06,108.686886,0.417132,0.321927,9.472488,0.060177,0.046051,0.055254,51.026622,33.985057
FF04,14:00:07,101.080781,0.466574,0.359448,9.543532,0.055411,0.045103,0.046409,44.32259,34.561418
FF04,14:00:08,106.698044,0.406418,0.321029,9.514904,0.062647,0.062225,0.052309,51.277389,34.296062
FF04,14:00:09,104.716863,0.387513,0.316826,9.558123,0.054552,0.053969,0.052806,51.445206,34.613993
FF04,14:00:10,106.153365,0.467529,0.347486,9.560914,0.065487,0.061019,0.040623,58.449851,34.135558
FF04,14:00:11,108.159735,0.407148,0.318357,9.450496,0.054998,0.064436,0.046626,54.866478,34.650197
FF04,14:00:12,110.157651,0.47903,0.308444,9.55449,0.057026,0.062761,0.042361,60.75108,34.595531
FF04,14:00:13,105.943281,0.425019,0.219265,9.568704,0.061844,0.061557,0.05509,58.585362,35.203268
FF04,14:00:14,110.543819,0.580992,0.412731,9.524803,0.051385,0.067729,0.0525,58.092084,35.21822
FF04,14:00:15,109.508084,0.415368,0.244563,9.340698,0.053484,0.059638,0.053414,56.104919,35.304085
FF04,14:00:16,114.770922,0.310848,0.186199,9.495771,0.057911,0.054836,0.060682,58.222523,34.969589
FF04,14:00:17,107.24586,0.454737,0.330054,9.489953,0.068114,0.070404,0.058041,59.643023,34.682874
FF04,14:00:18,113.603431,0.421355,0.281486,9.519954,0.063972,0.064086,0.054527,58.862377,35.612148
FF04,14:00:19,105.901264,0.397415,0.356925,9.464684,0.078669,0.070757,0.063832,63.570827,35.18448
FF04,14:00:20,114.110655,0.479541,0.268526,9.353113,0.069701,0.074141,0.050459,60.382391,35.639405
FF04,14:00:21,112.052434,0.42645,0.360198,9.403048,0.073955,0.068204,0.06679,66.053025,36.058778
FF04,14:00:22,117.71176,0.488795,0.292844,9.349148,0.066729,0.067583,0.064569,64.862523,36.099305
FF04,14:00:23,111.259544,0.457,0.364365,9.467868,0.066852,0.078849,0.062067,63.425471,35.735657
FF04,14:00:24,112.616779,0.453765,0.291085,9.355406,0.076206,0.07845,0.058474,74.32931,36.267299
FF04,14:00:25,115.723581,0.501992,0.305555,9.401614,0.074807,0.073972,0.066738,70.224405,36.91067
FF04,14:00:26,111.022074,0.458753,0.305348,9.381063,0.072956,0.078049,0.074907,70.904105,36.922806
FF04,14:00:27,113.337527,0.36829,0.273084,9.468093,0.071661,0.076348,0.060206,72.244197,36.756041
FF04,14:00:28,118.674475,0.377172,0.311194,9.486457,0.081844,0.092165,0.064401,70.233004,37.37457
FF04,14:00:29,116.622386,0.392209,0.326096,9.535484,0.070912,0.080306,0.07215,74.915504,36.948984
FF04,14:00:30,117.091677,0.411432,0.352566,9.335514,0.071709,0.074711,0.074431,75.616297,36.815767
FF04,14:00:31,119.181144,0.46667,0.294143,9.470622,0.081853,0.081713,0.071273,77.003873,36.762773
FF04,14:00:32,115.831212,0.430134,0.237186,9.295504,0.089497,0.084415,0.071646,81.009674,37.478248
FF04,14:00:33,123.331275,0.384758,0.164275,9.313701,0.077187,0.088952,0.06903,77.840007,37.24836
FF04,14:00:34,118.835571,0.508391,0.293425,9.370941,0.08025,0.085717,0.072014,81.79346,38.057152
FF04,14:00:35,117.961935,0.494101,0.364475,9.285429,0.081033,0.089248,0.077864,83.664136,38.172743
FF04,14:00:36,119.907344,0.440054,0.255824,9.45288,0.083857,0.092662,0.074726,82.06075,37.478667
FF04,14:00:37,126.789696,0.449258,0.282002,9.376387,0.086818,0.087356,0.067819,77.17264,38.260684
FF04,14:00:38,120.616057,0.500279,0.352111,9.384503,0.088254,0.077231,0.069217,86.15497,38.826935
FF04,14:00:39,125.005549,0.465979,0.32028,9.386387,0.079262,0.091731,0.079988,85.901036,37.930128
FF04,14:00:40,123.249128,0.503044,0.246104,9.449258,0.085803,0.086869,0.088772,94.957796,38.343112
FF04,14:00:41,123.937673,0.451222,0.278066,9.20662,0.076123,0.079653,0.082646,91.070902,38.91275
FF04,14:00:42,119.418317,0.456204,0.385782,9.263165,0.09955,0.089337,0.083603,87.855559,39.034634
FF04,14:00:43,127.065268,0.39849,0.336395,9.261426,0.094209,0.098219,0.094357,87.742673,38.738874
FF04,14:00:44,122.364375,0.434541,0.261842,9.284673,0.094619,0.097452,0.080702,90.882824,39.095459
FF04,14:00:45,127.288603,0.417833,0.305487,9.28473,0.098273,0.103947,0.080734,96.243421,38.104582
FF04,14:00:46,129.359082,0.475795,0.265019,9.336516,0.099871,0.09797,0.078956,95.516284,39.083005
FF04,14:00:47,129.441682,0.38791,0.293329,9.309113,0.096032,0.090899,0.073623,96.934746,38.892405
FF04,14:00:48,131.309672,0.467623,0.216782,9.211618,0.091124,0.084212,0.077239,102.366867,39.368904
FF04,14:00:49,130.218532,0.465014,0.237357,9.373266,0.098135,0.087858,0.084264,99.145043,39.367112
FF04,14:00:50,130.979588,0.4701,0.393376,9.267144,0.107741,0.102948,0.089855,101.085821,39.387086
FF04,14:00:51,129.284714,0.479547,0.353417,9.280604,0.10588,0.108892,0.093328,102.039574,39.756758
FF04,14:00:52,126.987566,0.423725,0.318623,9.454486,0.102484,0.097985,0.095688,104.881978,39.436178
FF04,14:00:53,128.347907,0.415426,0.387104,9.34656,0.107613,0.113218,0.092618,106.267196,39.050647
FF04,14:00:54,131.737696,0.509101,0.34663,9.251592,0.090129,0.101846,0.086579,104.204061,39.856665
FF04,14:00:55,135.301261,0.531968,0.251403,9.310841,0.104474,0.112828,0.090791,108.598557,40.519732
FF04,14:00:56,134.780388,0.396553,0.446918,9.27324,0.115139,0.107372,0.092566,112.094166,41.182567
FF04,14:00:57,138.186604,0.453192,0.385666,9.31323,0.106959,0.106106,0.094536,113.033311,40.023549
FF04,14:00:58,134.595989,0.377085,0.291345,9.141577,0.105283,0.104107,0.102407,109.191764,40.080888
FF04,14:00:59,138.62107,0.437425,0.394814,9.343086,0.106445,0.11207,0.102365,116.083925,40.447255
FF05,14:00:00,73.588659,0.083911,0.231264,9.796545,0.007908,0.022829,-0.00123,21.530029,29.85287
FF05,14:00:01,77.352391,0.083102,0.226895,9.735616,0.003333,0.015914,0.011601,18.669344,30.309708
FF05,14:00:02,78.22444,0.155463,0.216929,9.724423,0.013154,0.029593,0.015781,22.314448,29.624959
FF05,14:00:03,74.940816,0.115798,0.20767,9.829729,0.000307,0.02143,0.014234,20.075319,30.196087
FF05,14:00:04,75.243072,0.125356,0.23336,9.863203,0.013871,0.015523,0.013115,20.699666,29.736168
FF05,14:00:05,75.559624,0.075303,0.2317,9.785056,0.012566,0.025857,0.009924,20.116146,30.639705
FF05,14:00:06,76.454218,0.098788,0.201095,9.874079,0.011949,0.017623,0.003864,19.205344,29.684169
FF05,14:00:07,76.606935,0.128186,0.153319,9.843893,0.008098,0.025471,0.011257,20.502808,29.195343
FF05,14:00:08,72.392461,0.116668,0.174644,9.823373,0.007988,0.01919,0.018598,18.024777,29.729644
FF05,14:00:09,76.872227,0.122689,0.226649,9.744873,0.003915,0.011515,0.001429,17.849028,29.516455
FF05,14:00:10,74.121207,0.121338,0.208268,9.867819,0.008548,0.015521,0.012515,21.464606,29.928399
FF05,14:00:11,75.966024,0.065484,0.271797,9.832678,0.006326,0.017035,0.009206,19.404302,29.206965
FF05,14:00:12,69.830494,0.138523,0.152664,9.745066,0.000977,0.009806,0.017681,19.011467,29.924966
FF05,14:00:13,74.318179,0.117034,0.194079,9.764945,0.018729,0.019733,0.007445,18.086881,30.545914
FF05,14:00:14,73.450969,0.027639,0.222652,9.871719,0.017541,0.020808,0.007855,18.397149,30.34663
FF05,14:00:15,73.256222,0.112454,0.202956,9.736968,0.018841,0.019365,0.017427,21.960201,30.264817
FF05,14:00:16,78.921659,0.052956,0.182386,9.775737,0.0039,0.015878,0.008895,20.242232,29.993523
FF05,14:00:17,80.780407,0.091038,0.195753,9.717614,0.002751,0.022216,0.009726,17.971124,29.745272
FF05,14:00:18,74.757737,0.065434,0.188369,9.707052,0.007632,0.019972,0.013426,25.740803,29.627555
FF05,14:00:19,77.381244,0.054426,0.219616,9.774428,0.007119,0.020759,0.014914,19.488701,29.378296
FF05,14:00:20,79.54277,0.22544,0.20257,9.68552,0.021372,0.014573,0.024559,15.999159,29.471565
FF05,14:00:21,80.229121,0.242286,0.069553,9.725477,0.021224,0.020789,0.013858,21.234798,30.38138
FF05,14:00:22,77.77706,0.210228,0.208721,9.659888,0.023354,0.027427,0.008011,19.590797,29.630079
FF05,14:00:23,81.914184,0.285643,0.169378,9.635813,0.025375,0.021994,0.016348,19.297413,30.301966
FF05,14:00:24,82.597292,0.251466,0.127579,9.602902,0.02955,0.02625,0.018405,21.705906,29.899304
FF05,14:00:25,82.031555,0.29522,0.208615,9.512756,0.024538,0.032785,0.026874,19.98294,30.60304
FF05,14:00:26,82.872253,0.291041,0.243843,9.722224,0.031213,0.029108,0.020194,19.177632,30.168087
FF05,14:00:27,85.798958,0.310519,0.16006,9.836449,0.042162,0.037,0.020973,20.082104,30.22056
FF05,14:00:28,84.364937,0.355131,0.184802,9.712917,0.03993,0.031243,0.02271,20.425704,30.481881
FF05,14:00:29,85.220684,0.364152,0.123385,9.643213,0.029862,0.043235,0.030289,20.887296,30.824683
FF05,14:00:30,84.181833,0.340923,0.199224,9.701412,0.036471,0.037618,0.028162,23.380133,31.103192
FF05,14:00:31,84.226022,0.402229,0.186223,9.785035,0.053285,0.044844,0.02887,17.716654,30.56868
FF05,14:00:32,86.134642,0.3558,0.094615,9.747114,0.0383,0.051757,0.031093,16.808362,30.531617
FF05,14:00:33,88.031457,0.368878,0.130054,9.717713,0.036032,0.046976,0.039971,20.565705,30.18711
FF05,14:00:34,88.040924,0.404148,0.211167,9.720424,0.038754,0.044117,0.043232,20.593897,30.673605
FF05,14:00:35,87.233201,0.481234,0.286964,9.7622,0.041987,0.052149,0.039438,19.507005,30.896253
FF05,14:00:36,86.316729,0.434664,0.193238,9.812299,0.052331,0.057158,0.049221,20.156519,30.578017
FF05,14:00:37,87.005263,0.465438,0.271167,9.699478,0.050319,0.053414,0.053941,21.968717,31.712397
FF05,14:00:38,87.833354,0.490384,0.312279,9.723354,0.052613,0.05611,0.05252,22.514284,31.464543
FF05,14:00:39,87.356355,0.49119,0.165705,9.751231,0.070574,0.062712,0.055346,22.82072,31.00169
FF05,14:00:40,85.137708,0.352856,0.32415,9.582272,0.045337,0.042987,0.025948,33.282227,33.35676
FF05,14:00:41,93.034737,0.422989,0.231959,9.613945,0.046155,0.048774,0.035958,41.898105,33.017742
FF05,14:00:42,92.888268,0.385608,0.264833,9.530197,0.040285,0.031884,0.030934,40.706021,33.63383
FF05,14:00:43,92.348845,0.411439,0.23723,9.475075,0.034247,0.053067,0.047597,36.27,33.530171
FF05,14:00:44,93.096117,0.504713,0.203187,9.632573,0.048659,0.054136,0.042359,46.675009,34.151391
FF05,14:00:45,98.646973,0.49861,0.290545,9.468811,0.057916,0.048506,0.043063,42.747348,34.642006
FF05,14:00:46,96.366394,0.483905,0.205016,9.562397,0.049651,0.046794,0.042867,47.795323,34.559131
FF05,14:00:47,97.778723,0.470757,0.347498,9.603858,0.061477,0.047603,0.048847,45.532531,34.636111
FF05,14:00:48,95.976257,0.504098,0.208307,9.507943,0.053614,0.045998,0.038691,51.999439,35.140109
FF05,14:00:49,98.390671,0.519927,0.317644,9.511697,0.059819,0.058963,0.040724,53.670006,35.728083
FF05,14:00:50,104.691054,0.403681,0.242702,9.584128,0.067556,0.061615,0.04472,51.731078,35.906826
FF05,14:00:51,100.537789,0.523267,0.331696,9.445035,0.060897,0.067879,0.064155,52.788725,35.780163
FF05,14:00:52,98.993714,0.521148,0.343235,9.560155,0.056219,0.067215,0.054931,57.417263,36.437368
FF05,14:00:53,100.467927,0.471695,0.224954,9.418289,0.066081,0.057483,0.054163,59.936062,37.420573
FF05,14:00:54,101.659318,0.53815,0.256325,9.473494,0.073233,0.063563,0.0618,62.886856,36.876272
FF05,14:00:55,107.567975,0.514845,0.30602,9.486236,0.075128,0.070793,0.054328,66.478111,37.205353
FF05,14:00:56,104.235231,0.580591,0.353483,9.280294,0.071354,0.067155,0.067143,64.376161,37.995363
FF05,14:00:57,109.015814,0.536625,0.266742,9.414252,0.069674,0.073915,0.064002,68.245439,37.880235
FF05,14:00:58,109.545446,0.597934,0.338231,9.379264,0.072093,0.083256,0.059068,73.273683,38.343603
FF05,14:00:59,109.460766,0.619392,0.472986,9.514853,0.078426,0.074521,0.07012,75.03879,38.387114
FF06,14:00:00,75.274867,0.135028,0.215365,9.858365,0.006418,0.013743,0.012922,17.931449,29.261095
FF06,14:00:01,69.917412,0.084076,0.200408,9.747932,0.002878,0.013922,0.004485,16.564508,29.712888
FF06,14:00:02,74.832738,0.119213,0.144214,9.85488,0.002886,0.01157,0.017977,19.641945,29.314767
FF06,14:00:03,74.177043,0.105573,0.140256,9.810521,0.003142,0.004701,0.002025,19.402674,28.723303
FF06,14:00:04,75.708691,0.086569,0.119763,9.806951,0.004821,0.007098,0.00998,15.468669,28.878067
FF06,14:00:05,75.004157,0.059937,0.150871,9.854888,0.01218,0.016329,0.009555,14.201517,29.726045
FF06,14:00:06,71.799873,0.066224,0.157513,9.923916,0.022659,0.005918,0.003637,18.251326,29.336966
FF06,14:00:07,70.792152,0.085449,0.1769,9.915054,0.018398,-0.000832,0.01087,17.516512,29.633175
FF06,14:00:08,73.672218,0.059006,0.156407,9.821741,0.00572,0.008465,0.006795,15.97568,29.75514
FF06,14:00:09,72.209726,0.043489,0.188733,9.831368,0.004481,0.017956,0.008862,18.079216,29.779276
FF06,14:00:10,73.719672,0.077089,0.199294,9.759268,0.012655,0.007953,0.016901,16.190726,29.500127
FF06,14:00:11,72.955832,0.080621,0.169033,9.832576,0.009885,0.004959,0.003585,19.656665,29.062074
FF06,14:00:12,71.328927,0.062014,0.198753,9.750204,0.002384,0.005946,0.012988,16.428138,29.257185
FF06,14:00:13,73.093632,0.065638,0.180335,9.798595,0.024691,0.008091,0.015444,19.890695,29.33703
FF06,14:00:14,73.465451,0.093319,0.163383,9.853407,0.020743,0.01138,0.014374,17.678078,29.538613
FF06,14:00:15,74.41619,0.129787,0.193195,9.738413,0.007923,0.016563,0.017416,17.064518,29.91515
FF06,14:00:16,71.835521,0.081936,0.209582,9.851637,0.011151,-0.004177,0.013027,17.780564,29.914042
FF06,14:00:17,70.579304,0.109442,0.194761,9.738197,0.006072,0.008587,0.010242,18.454182,29.675044
FF06,14:00:18,73.446525,0.064597,0.136219,9.913457,0.013985,0.018524,0.008793,20.70974,29.324586
FF06,14:00:19,75.291505,0.121075,0.15493,9.750643,0.011297,0.005971,0.007333,15.823349,30.02784
FF06,14:00:20,80.181086,0.134147,0.201893,9.737529,0.016705,0.018987,0.018462,17.814688,29.552589
FF06,14:00:21,71.901442,0.082276,0.211883,9.767787,0.006899,0.015955,0.007531,18.891201,29.608157
FF06,14:00:22,73.174549,0.086522,0.20647,9.814455,0.004049,0.007663,0.006096,19.082175,29.36038
FF06,14:00:23,72.793959,0.036629,0.155129,9.81099,0.017554,0.010951,0.011363,16.521173,28.971124
FF06,14:00:24,73.722243,0.119732,0.14621,9.812947,0.00122,0.009747,0.008949,17.118804,29.989241
FF06,14:00:25,70.843019,0.069479,0.155492,9.860886,0.012969,0.010651,0.010388,17.960604,29.126247
FF06,14:00:26,69.870543,0.055215,0.180596,9.917969,0.01169,0.006832,0.018621,15.474341,29.581574
FF06,14:00:27,77.657205,0.064549,0.159201,9.853022,0.012749,0.017653,0.012906,16.95627,29.913347
FF06,14:00:28,77.318035,0.098515,0.223499,9.871863,-0.005339,0.013836,0.009926,18.816348,28.779678
FF06,14:00:29,75.196208,0.055717,0.208512,9.774168,0.012074,0.003452,0.009547,17.468196,29.822833
FF06,14:00:30,74.716442,0.091079,0.191921,9.692114,0.002018,0.022913,0.017818,16.793599,29.01159
FF06,14:00:31,78.778343,0.054209,0.112476,9.86136,0.016062,0.014324,0.006841,19.862435,29.38129
FF06,14:00:32,73.070385,0.066975,0.151086,9.704126,0.005594,0.007726,0.009504,16.641654,29.224987
FF06,14:00:33,69.788061,0.053335,0.188238,9.720303,0.014034,0.015166,0.006671,19.385835,29.764779
FF06,14:00:34,75.865789,0.054346,0.116013,9.770266,0.013857,0.00542,0.013228,20.508684,29.547632
FF06,14:00:35,72.753655,0.052169,0.176588,9.771114,0.012455,0.000372,0.00916,15.75487,29.137096
FF06,14:00:36,77.079161,0.063861,0.18032,9.897925,0.015688,0.005196,0.007306,16.568538,29.003846
FF06,14:00:37,73.088009,0.080811,0.210024,9.794719,0.010451,0.001583,0.010767,16.174561,29.646709
FF06,14:00:38,74.265993,0.090117,0.153048,9.892703,0.001436,-0.001141,0.019694,21.718319,29.053488
FF06,14:00:39,77.433797,0.037403,0.118561,9.818416,-7e-06,0.007127,0.008553,13.913438,29.790487
FF06,14:00:40,80.604177,0.11028,0.231774,9.767517,0.005002,0.014557,0.012875,17.400376,29.973318
FF06,14:00:41,76.902449,0.108641,0.206884,9.847388,0.006453,0.014738,-0.00109,19.416638,29.296598
FF06,14:00:42,73.412766,0.123705,0.168117,9.813261,0.015886,0.009987,0.010975,17.197402,29.146995
FF06,14:00:43,73.823512,0.053072,0.161863,9.79257,0.003579,0.006175,0.004563,20.759523,30.103292
FF06,14:00:44,69.385378,0.034557,0.161746,9.782897,0.007263,0.006634,0.014762,15.763879,30.183552
FF06,14:00:45,72.661771,0.071015,0.193992,9.859767,0.010396,0.004006,0.01261,17.267884,29.197188
FF06,14:00:46,71.033113,0.065407,0.208685,9.8514,0.010582,0.017148,0.012283,20.855751,28.781496
FF06,14:00:47,75.20997,0.142229,0.0954,9.843748,0.015215,0.0134,0.011063,19.136248,29.983304
FF06,14:00:48,78.2621,0.110137,0.197621,9.794974,0.009919,0.009656,0.011753,18.447328,29.238443
FF06,14:00:49,71.556308,0.124311,0.116677,9.793593,0.008664,0.014428,0.009474,18.799333,29.989885
FF06,14:00:50,73.997904,0.074921,0.180725,9.768371,0.012464,0.014872,0.014362,16.596725,28.918869
FF06,14:00:51,73.136175,0.060946,0.220527,9.854212,0.012219,0.013369,0.008495,20.342148,29.481559
FF06,14:00:52,75.908885,0.126018,0.186576,9.857456,0.012446,0.014054,0.005921,17.102316,29.247352
FF06,14:00:53,80.057317,0.06883,0.163089,9.788702,0.016859,0.009025,0.004973,18.095707,29.383799
FF06,14:00:54,75.174149,0.053246,0.196656,9.794311,0.012531,0.013809,0.014242,17.792792,29.998854
FF06,14:00:55,74.054935,0.051472,0.190205,9.79649,0.008864,0.0057,0.019641,18.08959,29.107998
FF06,14:00:56,70.851163,0.092963,0.153091,9.799709,0.003426,0.008887,0.01297,18.695583,29.176192
FF06,14:00:57,78.648248,0.061495,0.190772,9.833166,0.015741,0.007838,0.007845,14.41519,28.68142
FF06,14:00:58,74.283341,0.120768,0.215835,9.869667,0.013091,0.009058,0.007641,18.455578,29.01365
FF06,14:00:59,71.706536,0.073849,0.254736,9.823424,0.012121,0.00462,0.009531,18.396693,29.281018
FF07,14:00:00,88.251145,0.275055,0.212702,9.790426,0.025369,0.033228,0.013978,17.971604,30.919555
FF07,14:00:01,85.070424,0.284452,0.269183,9.822208,0.023446,0.025473,0.026137,26.575247,30.283053
FF07,14:00:02,80.107233,0.258116,0.200559,9.675687,0.026048,0.029199,0.017883,22.520267,30.406479
FF07,14:00:03,83.759732,0.225679,0.172118,9.649089,0.026701,0.026313,0.014137,21.740232,30.825921
FF07,14:00:04,85.719125,0.242579,0.209033,9.584298,0.034221,0.037515,0.02987,26.459699,31.326009
FF07,14:00:05,87.190066,0.260143,0.126978,9.671575,0.02415,0.02009,0.01544,23.9941,31.166417
FF07,14:00:06,89.067187,0.257541,0.213336,9.661884,0.029476,0.019322,0.02761,15.917258,30.90045
FF07,14:00:07,85.770895,0.264897,0.239683,9.675972,0.039812,0.030195,0.017907,25.346294,32.065618
FF07,14:00:08,84.33971,0.296494,0.301896,9.674141,0.030785,0.032105,0.008694,22.022767,31.431531
FF07,14:00:09,88.101693,0.182983,0.233417,9.540932,0.023467,0.023177,0.023217,22.824564,29.968841
FF07,14:00:10,89.4225,0.236845,0.217216,9.887959,0.032027,0.027986,0.019731,25.874431,31.457187
FF07,14:00:11,86.563203,0.251035,0.241235,9.736012,0.030631,0.025844,0.01794,26.431519,31.124277
FF07,14:00:12,92.168822,0.251143,0.263268,9.719043,0.039603,0.031622,0.008295,25.336334,30.550683
FF07,14:00:13,82.825,0.22428,0.227796,9.749238,0.036939,0.027083,0.02548,22.261332,31.837025
FF07,14:00:14,84.266189,0.239464,0.16803,9.638585,0.033426,0.037234,0.016065,21.358329,31.05133
FF07,14:00:15,86.434077,0.239927,0.216538,9.596336,0.036045,0.025353,0.030201,21.341385,32.089351
FF07,14:00:16,86.341868,0.265771,0.19047,9.683539,0.024922,0.031802,0.023948,26.798199,31.581316
FF07,14:00:17,88.894529,0.187289,0.227728,9.654064,0.030709,0.030206,0.017695,27.18968,31.404129
FF07,14:00:18,90.171907,0.163638,0.212572,9.718006,0.026461,0.035398,0.019556,24.057065,31.825207
FF07,14:00:19,88.332099,0.186874,0.26432,9.724703,0.029828,0.022351,0.023108,32.354785,31.742441
FF07,14:00:20,83.488337,0.222127,0.251468,9.697738,0.025789,0.022913,0.022084,29.318345,31.58572
FF07,14:00:21,88.671657,0.339098,0.234784,9.682015,0.032859,0.03035,0.016697,26.184328,31.252483
FF07,14:00:22,88.768613,0.27881,0.234014,9.822793,0.030535,0.032848,0.02283,28.109389,31.553465
FF07,14:00:23,91.615325,0.297864,0.178033,9.603298,0.023601,0.025186,0.0104,22.020488,31.66295
FF07,14:00:24,90.254211,0.270593,0.154873,9.615772,0.030133,0.029314,0.017064,21.876576,31.251795
FF07,14:00:25,90.421778,0.261973,0.190556,9.581571,0.021613,0.030478,0.016244,23.206604,31.238375
FF07,14:00:26,91.009408,0.226029,0.136335,9.643095,0.034043,0.031606,0.015606,23.204374,31.573869
FF07,14:00:27,88.670494,0.199562,0.193451,9.713125,0.034768,0.02811,0.02266,26.190063,31.700683
FF07,14:00:28,88.548865,0.253192,0.258636,9.693648,0.022578,0.032905,0.019968,28.352467,31.313143
FF07,14:00:29,87.803782,0.248303,0.278172,9.598643,0.033605,0.026482,0.023181,26.627491,30.593549
FF07,14:00:30,95.248151,0.234432,0.258917,9.678202,0.028383,0.018675,0.020806,26.09668,30.866059
FF07,14:00:31,89.925311,0.249643,0.279779,9.508816,0.026317,0.03268,0.023374,24.2106,31.327695
FF07,14:00:32,88.109956,0.288033,0.212741,9.660378,0.037348,0.030856,0.030836,30.910206,31.63679
FF07,14:00:33,91.850912,0.31478,0.344685,9.509055,0.031569,0.035242,0.008781,20.57182,32.421287
FF07,14:00:34,89.785458,0.231538,0.230212,9.74658,0.029324,0.031893,0.017964,22.920754,31.6381
FF07,14:00:35,81.120086,0.26355,0.179916,9.645219,0.024527,0.021848,0.022211,23.492693,32.165994
FF07,14:00:36,94.789762,0.186273,0.298285,9.418076,0.026465,0.031906,0.013918,21.956456,31.80508
FF07,14:00:37,89.301109,0.245986,0.267786,9.532076,0.029327,0.034309,0.029587,20.522325,31.323216
FF07,14:00:38,90.405619,0.262621,0.196128,9.62241,0.032938,0.032234,0.01466,20.729448,31.399903
FF07,14:00:39,89.153485,0.240507,0.231364,9.651579,0.030954,0.018509,0.02604,23.624274,32.075286
FF07,14:00:40,87.405984,0.255446,0.264271,9.654391,0.029454,0.043718,0.021633,17.516333,32.244784
FF07,14:00:41,93.970598,0.279577,0.225117,9.655041,0.031212,0.032622,0.021305,21.81823,31.51724
FF07,14:00:42,92.037977,0.26102,0.196894,9.686174,0.037427,0.022146,0.01664,23.577068,31.58627
FF07,14:00:43,91.439479,0.259963,0.14714,9.571729,0.032801,0.020444,0.015212,27.745892,32.368336
FF07,14:00:44,93.082087,0.273037,0.227015,9.774224,0.042481,0.02714,0.028444,20.83425,31.748726
FF07,14:00:45,93.009913,0.235946,0.264523,9.646295,0.038589,0.039784,0.012734,24.489447,31.952383
FF07,14:00:46,91.79294,0.251803,0.239887,9.612716,0.015356,0.028174,0.024931,27.637458,31.548058
FF07,14:00:47,89.904992,0.286541,0.263421,9.662551,0.023146,0.035109,0.011046,28.479128,31.864009
FF07,14:00:48,94.735781,0.192636,0.237209,9.641175,0.037244,0.033666,0.018817,22.537139,32.150451
FF07,14:00:49,95.013023,0.227795,0.166984,9.653707,0.026236,0.015308,0.015543,25.443804,32.685582
FF07,14:00:50,91.206324,0.278537,0.271958,9.628546,0.037257,0.035073,0.026411,24.25101,32.326211
FF07,14:00:51,92.514749,0.215999,0.242848,9.706617,0.020957,0.038972,0.021633,27.843881,32.08646
FF07,14:00:52,93.341916,0.270753,0.287488,9.686899,0.032055,0.043823,0.017548,22.731631,31.637503
FF07,14:00:53,91.702243,0.256622,0.31703,9.701247,0.028612,0.038493,0.02213,26.37703,32.394474
FF07,14:00:54,89.769498,0.305405,0.227902,9.704652,0.04006,0.022927,0.019506,28.616565,32.953552
FF07,14:00:55,95.99449,0.271468,0.245888,9.767915,0.026805,0.030044,0.020841,21.827546,32.563931
FF07,14:00:56,93.60185,0.182244,0.210782,9.531703,0.036266,0.02545,0.013958,24.429992,32.314766
FF07,14:00:57,94.902682,0.298562,0.204661,9.559525,0.026299,0.034653,0.021023,27.00912,31.870383
FF07,14:00:58,95.550684,0.288959,0.249003,9.691577,0.032253,0.025656,0.027975,23.998688,32.191159
FF07,14:00:59,96.778351,0.209411,0.20295,9.585539,0.030799,0.026168,0.022412,23.549143,32.032842
FF08,14:00:00,99.757764,0.402612,0.296373,9.610562,0.05515,0.053626,0.032974,34.869201,33.267958
FF08,14:00:01,105.758396,0.425048,0.349925,9.519807,0.046356,0.053328,0.043157,45.967158,33.849056
FF08,14:00:02,98.278467,0.367195,0.370342,9.563283,0.049059,0.063256,0.038659,43.63748,34.250781
FF08,14:00:03,93.234455,0.420758,0.308549,9.47996,0.055259,0.058064,0.050697,43.079456,33.890356
FF08,14:00:04,100.200622,0.475687,0.337751,9.539815,0.052422,0.059437,0.035824,49.296612,33.572933
FF08,14:00:05,105.088936,0.523605,0.400359,9.453949,0.063284,0.054356,0.04902,45.665351,35.0203
FF08,14:00:06,101.585614,0.431805,0.352767,9.504922,0.058479,0.060835,0.040491,47.935825,34.614172
FF08,14:00:07,103.645033,0.472914,0.229618,9.4819,0.05518,0.048705,0.042443,42.112367,33.987496
FF08,14:00:08,105.368388,0.469038,0.324564,9.48246,0.057,0.057251,0.066611,51.392557,33.838605
FF08,14:00:09,105.284979,0.384002,0.293699,9.463323,0.061731,0.050812,0.051196,49.415622,34.907333
FF08,14:00:10,107.622054,0.389396,0.341381,9.383634,0.066293,0.063642,0.046072,45.62297,34.388241
FF08,14:00:11,105.735256,0.48056,0.327565,9.466358,0.065488,0.053141,0.05514,50.22869,34.307997
FF08,14:00:12,107.688321,0.487612,0.367162,9.450613,0.0578,0.064357,0.047885,53.124482,34.864109
FF08,14:00:13,106.785089,0.494578,0.343794,9.496014,0.065446,0.057558,0.051124,53.134739,34.799409
FF08,14:00:14,107.500342,0.493826,0.374693,9.342046,0.057784,0.058474,0.054475,50.160773,35.08757
FF08,14:00:15,114.691212,0.466865,0.348071,9.505446,0.066733,0.069531,0.052369,60.008876,35.867135
FF08,14:00:16,109.133422,0.430984,0.348023,9.439406,0.074158,0.061082,0.068425,59.020385,35.283199
FF08,14:00:17,108.402923,0.482761,0.323398,9.390327,0.070758,0.064046,0.048599,57.221648,35.700845
FF08,14:00:18,112.54441,0.44421,0.251132,9.432815,0.071989,0.064975,0.060587,64.343696,35.653201
FF08,14:00:19,111.692173,0.529324,0.267248,9.486893,0.071662,0.068296,0.060714,65.934697,36.076965
FF08,14:00:20,111.032903,0.427017,0.333447,9.480175,0.073228,0.077995,0.052677,67.000003,36.077231
FF08,14:00:21,114.663237,0.44973,0.388362,9.438044,0.073948,0.07228,0.063758,65.46525,35.453436
FF08,14:00:22,109.248088,0.4356,0.288532,9.488432,0.082696,0.076844,0.066486,65.961882,35.651035
FF08,14:00:23,114.264133,0.497148,0.211821,9.396475,0.078268,0.07307,0.068166,63.902026,36.728736
FF08,14:00:24,117.029038,0.483033,0.370635,9.385272,0.087578,0.082792,0.058549,66.126964,36.237665
FF08,14:00:25,113.042615,0.470571,0.357944,9.29142,0.077756,0.068793,0.057667,71.926334,37.080817
FF08,14:00:26,114.032616,0.518116,0.354521,9.405508,0.088659,0.06749,0.078312,62.729694,36.51246
FF08,14:00:27,113.419994,0.460324,0.288086,9.500475,0.081793,0.063438,0.059917,71.666879,36.665053
FF08,14:00:28,112.180645,0.445711,0.286563,9.403754,0.079913,0.071042,0.070333,73.894903,36.852676
FF08,14:00:29,118.219554,0.414174,0.331892,9.398382,0.078169,0.086184,0.06406,69.862137,37.491375
FF08,14:00:30,121.102337,0.4335,0.296189,9.161941,0.085302,0.074995,0.068251,77.354295,38.004884
FF08,14:00:31,126.693103,0.415585,0.298099,9.414257,0.079407,0.081688,0.080717,79.017906,38.129175
FF08,14:00:32,122.214979,0.378933,0.201336,9.267568,0.095672,0.078056,0.06953,71.327378,37.833823
FF08,14:00:33,119.464634,0.454626,0.21541,9.350544,0.083503,0.074169,0.077655,83.137686,37.352839
FF08,14:00:34,122.16279,0.518135,0.409493,9.379417,0.088759,0.081438,0.070135,80.711578,38.105454
FF08,14:00:35,119.173967,0.453736,0.416433,9.320603,0.090106,0.08143,0.083091,76.599127,37.752267
FF08,14:00:36,121.38362,0.447591,0.276762,9.422221,0.083842,0.091046,0.077244,82.897871,39.534634
FF08,14:00:37,124.741174,0.385357,0.269246,9.412059,0.079683,0.081611,0.07668,86.149089,37.871697
FF08,14:00:38,118.316251,0.492184,0.398755,9.395606,0.08115,0.082951,0.075963,85.383981,37.799209
FF08,14:00:39,120.094416,0.505742,0.28941,9.282329,0.089745,0.099355,0.072534,90.696602,38.409173
FF08,14:00:40,122.377825,0.354704,0.275668,9.389965,0.092287,0.094152,0.077332,89.782154,39.141028
FF08,14:00:41,125.921082,0.337031,0.315035,9.508621,0.099091,0.089858,0.066487,88.29014,39.016604
FF08,14:00:42,127.776563,0.506444,0.32119,9.362953,0.080477,0.089642,0.077018,84.613173,38.274522
FF08,14:00:43,119.325149,0.48429,0.312256,9.391211,0.087848,0.096499,0.077353,86.953093,38.696674
FF08,14:00:44,127.758833,0.450224,0.293944,9.402084,0.094664,0.079393,0.088132,92.760333,38.415028
FF08,14:00:45,132.925955,0.600212,0.379244,9.331476,0.099813,0.089853,0.082996,91.100044,39.180541
FF08,14:00:46,130.116431,0.409688,0.314702,9.257325,0.093475,0.097219,0.086033,90.97778,38.467137
FF08,14:00:47,135.305596,0.431478,0.357989,9.314436,0.095075,0.103259,0.084921,95.621179,39.663003
FF08,14:00:48,128.499191,0.412086,0.360648,9.238858,0.112571,0.094349,0.07803,97.755275,39.788018
FF08,14:00:49,124.220335,0.432677,0.299717,9.249896,0.09461,0.108493,0.096563,95.913022,39.322698
FF08,14:00:50,131.742315,0.386831,0.32913,9.325709,0.105942,0.101915,0.094395,100.493607,39.636223
FF08,14:00:51,131.47813,0.485889,0.368581,9.432073,0.100756,0.095249,0.092462,104.10102,39.33482
FF08,14:00:52,132.177256,0.425721,0.286238,9.373015,0.109433,0.103184,0.09028,103.657889,39.892457
FF08,14:00:53,134.283787,0.512092,0.312536,9.242977,0.107337,0.122091,0.085815,102.968691,39.810793
FF08,14:00:54,136.49107,0.550439,0.34085,9.319694,0.103191,0.10775,0.102641,100.440817,40.380394
FF08,14:00:55,134.742302,0.386754,0.286342,9.200486,0.098416,0.109992,0.092957,108.822297,40.577575
FF08,14:00:56,133.741133,0.458965,0.386373,9.213059,0.106791,0.107959,0.090408,106.37392,40.137562
FF08,14:00:57,130.760612,0.346767,0.354983,9.309357,0.104625,0.118707,0.102439,114.474919,40.093322
FF08,14:00:58,138.414476,0.42645,0.319958,9.331615,0.106568,0.099879,0.09802,110.078241,40.359563
FF08,14:00:59,134.338265,0.464242,0.337873,9.103301,0.11225,0.112239,0.090043,111.18151,40.788075
